;             
CREATE USER IF NOT EXISTS USER SALT '887232d069cef144' HASH '48e4c6366cef99fb4e14856c18f5f0208d3c4a2fdfebdf14248dcd6c14214da2' ADMIN;         
CREATE SEQUENCE PUBLIC.SYSTEM_SEQUENCE_A99ADDC2_6369_46AD_9F02_67788F83D9EA START WITH 161 BELONGS_TO_TABLE;  
CREATE SEQUENCE PUBLIC.SYSTEM_SEQUENCE_40ABA410_2A3A_4E98_AD77_24494D66FBC8 START WITH 67 BELONGS_TO_TABLE;   
CREATE SEQUENCE PUBLIC.SYSTEM_SEQUENCE_E1CC03DD_C277_42A1_B580_D787A284F268 START WITH 66 BELONGS_TO_TABLE;   
CREATE SEQUENCE PUBLIC.SYSTEM_SEQUENCE_92215EE8_E398_4A28_BBC8_5AF7AD8C918B START WITH 226 BELONGS_TO_TABLE;  
CREATE SEQUENCE PUBLIC.SYSTEM_SEQUENCE_383FF7BD_A0A2_4D21_8508_4F0873D57CEF START WITH 324 BELONGS_TO_TABLE;  
CREATE SEQUENCE PUBLIC.SYSTEM_SEQUENCE_4AABEEB2_EA07_40BB_91CB_53258EC73D12 START WITH 1 BELONGS_TO_TABLE;    
CREATE SEQUENCE PUBLIC.SYSTEM_SEQUENCE_57F96314_ECFB_4238_8483_58E897292930 START WITH 136 BELONGS_TO_TABLE;  
CREATE SEQUENCE PUBLIC.SYSTEM_SEQUENCE_57F5813A_9AA0_4BF4_BFEC_E9C203022957 START WITH 1158 BELONGS_TO_TABLE; 
CREATE SEQUENCE PUBLIC.SYSTEM_SEQUENCE_FF84E5A0_875A_4E0D_BA12_6EFAA21CE860 START WITH 289 BELONGS_TO_TABLE;  
CREATE CACHED TABLE PUBLIC.MEMBER(
    ID INT DEFAULT (NEXT VALUE FOR PUBLIC.SYSTEM_SEQUENCE_57F96314_ECFB_4238_8483_58E897292930) NOT NULL NULL_TO_DEFAULT SEQUENCE PUBLIC.SYSTEM_SEQUENCE_57F96314_ECFB_4238_8483_58E897292930,
    NAME TEXT,
    USER_ID BIGINT,
    CHAT_ID BIGINT,
    HAS_ACCESS BOOLEAN,
    PHONE_NUMBER TEXT,
    USER_NAME TEXT,
    GROUP_ID INT
);      
ALTER TABLE PUBLIC.MEMBER ADD CONSTRAINT PUBLIC.CONSTRAINT_8 PRIMARY KEY(ID); 
-- 9 +/- SELECT COUNT(*) FROM PUBLIC.MEMBER;  
INSERT INTO PUBLIC.MEMBER(ID, NAME, USER_ID, CHAT_ID, HAS_ACCESS, PHONE_NUMBER, USER_NAME, GROUP_ID) VALUES
(2, 'Yerassyl', 293188753, 293188753, TRUE, '77786733060', 'yerassyl_turlygazhy', 35),
(4, 'Yerassyl', 271036459, 271036459, TRUE, '77075265566', NULL, 35),
(36, 'Zhanibek', 264755203, 264755203, TRUE, '77472153945', 'Zhanibek01', 35),
(68, 'Aslan', 160990487, 160990487, TRUE, '77008881888', NULL, 35),
(69, 'Tolegen', 156632837, 156632837, TRUE, '77471486084', NULL, 35),
(70, 'Yermek', 352529326, 352529326, TRUE, '+77019001228', NULL, 35),
(71, '40729', 376175692, 376175692, TRUE, '77015203439', NULL, 35),
(72, STRINGDECODE('\u0416\u0430\u043a\u0441\u044b\u043b\u044b\u043a'), 138630681, 138630681, TRUE, '+77717747220', 'saryarkastana', 35),
(104, 'Nuralin', 364642158, 364642158, TRUE, '77019586440', 'Mirzhan001', 35);  
CREATE CACHED TABLE PUBLIC.USER(
    ID INT NOT NULL,
    CHAT_ID BIGINT
);
ALTER TABLE PUBLIC.USER ADD CONSTRAINT PUBLIC.CONSTRAINT_2 PRIMARY KEY(ID);   
-- 1 +/- SELECT COUNT(*) FROM PUBLIC.USER;    
INSERT INTO PUBLIC.USER(ID, CHAT_ID) VALUES
(1, 293188753);  
CREATE CACHED TABLE PUBLIC.BUTTON(
    ID INT NOT NULL,
    TEXT TEXT,
    COMMAND_ID INT,
    URL TEXT,
    REQUEST_CONTACT BOOLEAN
); 
ALTER TABLE PUBLIC.BUTTON ADD CONSTRAINT PUBLIC.CONSTRAINT_7 PRIMARY KEY(ID); 
-- 47 +/- SELECT COUNT(*) FROM PUBLIC.BUTTON; 
INSERT INTO PUBLIC.BUTTON(ID, TEXT, COMMAND_ID, URL, REQUEST_CONTACT) VALUES
(1, '/start', 1, NULL, FALSE),
(2, STRINGDECODE('\ud83d\udcaf \u0426\u0435\u043b\u0438'), 2, NULL, FALSE),
(3, STRINGDECODE('\ud83d\udcda Book'), 3, NULL, FALSE),
(4, STRINGDECODE('\u0427\u0442\u0435\u043d\u0438\u0435 +5'), 0, NULL, FALSE),
(5, STRINGDECODE('\u0427\u0442\u0435\u043d\u0438\u0435 +10'), 0, NULL, FALSE),
(6, STRINGDECODE('\u0427\u0442\u0435\u043d\u0438\u0435 +25'), 0, NULL, FALSE),
(7, STRINGDECODE('\u041d\u0430\u0437\u0430\u0434 \u0432 \u0446\u0435\u043b\u0438'), 2, NULL, FALSE),
(8, STRINGDECODE('\ud83d\udd01 \u041f\u043e\u0434\u0435\u043b\u0438\u0442\u044c\u0441\u044f \u0441 \u0440\u0435\u0437\u0443\u043b\u044c\u0442\u0430\u0442\u043e\u043c'), 4, NULL, FALSE),
(9, STRINGDECODE('\u0414\u043e\u0431\u0430\u0432\u0438\u0442\u044c \u043d\u043e\u0432\u0443\u044e \u0446\u0435\u043b\u044c'), 14, NULL, FALSE),
(10, STRINGDECODE('\u041d\u0430\u0437\u0430\u0434'), 6, NULL, FALSE),
(11, STRINGDECODE('\u2705 \u041c\u043e\u0439 \u043f\u0440\u043e\u0433\u0440\u0435\u0441\u0441'), 9, NULL, FALSE),
(12, STRINGDECODE('\ud83d\udc65 \u0413\u0440\u0443\u043f\u043f\u0430'), 8, NULL, FALSE),
(13, STRINGDECODE('\u2139\ufe0f \u041e \u043f\u0440\u043e\u0435\u043a\u0442\u0435'), 7, NULL, FALSE),
(14, STRINGDECODE('\u0412\u0432\u0435\u0441\u0442\u0438 \u0432\u044b\u043f\u043e\u043b\u043d\u0435\u043d\u043d\u043e\u0435'), 0, NULL, FALSE),
(15, STRINGDECODE('\u0412\u043e\u0439\u0442\u0438 \u0432 \u0433\u0440\u0443\u043f\u043f\u0443'), 0, 'https://t.me/joinchat/AAAAAAtDV0aAAgriljmHMQ', FALSE),
(16, 'Admin', 10, NULL, FALSE),
(17, STRINGDECODE('\u0418\u0437\u043c\u0435\u043d\u0438\u0442\u044c \u0421\u043e\u043e\u0431\u0449\u0435\u043d\u0438\u0435 \u043f\u0440\u0438 \u0441\u0442\u0430\u0440\u0442\u0435'), 11, NULL, FALSE),
(18, STRINGDECODE('\u0418\u0437\u043c\u0435\u043d\u0438\u0442\u044c \"\u041e \u043f\u0440\u043e\u0435\u043a\u0442\u0435\"'), 12, NULL, FALSE),
(19, STRINGDECODE('\u0418\u0437\u043c\u0435\u043d\u0438\u0442\u044c \"\u041f\u0440\u0430\u0432\u0438\u043b\u0430 \u0433\u0440\u0443\u043f\u043f\u044b\"'), 13, NULL, FALSE),
(20, STRINGDECODE('\u0412\u044b\u0439\u0442\u0438 \u0438\u0437 \u0430\u0434\u043c\u0438\u043d\u043a\u0438'), 6, NULL, FALSE),
(21, STRINGDECODE('\u0411\u0435\u0437 \u0444\u043e\u0442\u043e'), 0, NULL, FALSE),
(22, STRINGDECODE('\u0420\u0430\u0437\u0440\u0435\u0448\u0438\u0442\u044c'), 0, NULL, FALSE),
(23, STRINGDECODE('\u0417\u0430\u043f\u0440\u0435\u0442\u0438\u0442\u044c'), 0, NULL, FALSE),
(24, STRINGDECODE('\u0417\u0430\u043f\u0440\u043e\u0441\u0438\u0442\u044c \u0440\u0430\u0437\u0440\u0435\u0448\u0435\u043d\u0438\u0435'), 14, NULL, TRUE),
(25, STRINGDECODE('\u0411\u0435\u0437 \u043e\u0433\u0440\u0430\u043d\u0438\u0447\u0435\u043d\u0438\u0438'), 0, NULL, FALSE),
(26, STRINGDECODE('\u0412\u0435\u0440\u043d\u0443\u0442\u044c\u0441\u044f \u043a \u0446\u0435\u043b\u044f\u043c'), 2, NULL, FALSE),
(27, STRINGDECODE('\u0412\u0432\u0435\u0441\u0442\u0438 \u0442\u0435\u0437\u0438\u0441'), 0, NULL, FALSE),
(28, STRINGDECODE('\u041c\u043e\u0438 \u0442\u0435\u0437\u0438\u0441\u044b'), 15, NULL, FALSE),
(29, STRINGDECODE('\u041d\u0430\u0447\u0430\u0442\u044c \u043d\u043e\u0432\u0443\u044e \u043a\u043d\u0438\u0433\u0443'), 0, NULL, FALSE),
(30, STRINGDECODE('\u041d\u0430\u0437\u0430\u0434 \u0432 \u0447\u0442\u0435\u043d\u0438\u0435'), 3, NULL, FALSE),
(31, STRINGDECODE('\u041f\u043e\u0434\u0435\u043b\u0438\u0442\u044c\u0441\u044f \u0442\u0435\u0437\u0438\u0441\u0430\u043c\u0438 \u0432 \u0433\u0440\u0443\u043f\u043f\u0435'), 0, NULL, FALSE),
(32, STRINGDECODE('\u0414\u0430'), 0, NULL, FALSE),
(33, STRINGDECODE('\u041d\u0435\u0442'), 0, NULL, FALSE),
(34, STRINGDECODE('\u041f\u043e\u0441\u043c\u043e\u0442\u0440\u0435\u0442\u044c \u0432\u0441\u0435 \u0442\u0435\u0437\u0438\u0441\u044b'), 16, NULL, FALSE),
(35, STRINGDECODE('\u041d\u0435\u0434\u0435\u043b\u044f'), 0, NULL, FALSE),
(36, STRINGDECODE('\u041c\u0435\u0441\u044f\u0446'), 0, NULL, FALSE),
(37, STRINGDECODE('\u0412\u0432\u0435\u0441\u0442\u0438 \u043f\u0435\u0440\u0438\u043e\u0434'), 0, NULL, FALSE);          
INSERT INTO PUBLIC.BUTTON(ID, TEXT, COMMAND_ID, URL, REQUEST_CONTACT) VALUES
(38, STRINGDECODE('\u0418\u0437\u043c\u0435\u043d\u0438\u0442\u044c \u0446\u0435\u043b\u0438'), 17, NULL, FALSE),
(39, STRINGDECODE('\u0418\u0437\u043c\u0435\u043d\u0438\u0442\u044c \u043d\u0430\u0437\u0432\u0430\u043d\u0438\u0435'), 0, NULL, FALSE),
(40, STRINGDECODE('\u0418\u0437\u043c\u0435\u043d\u0438\u0442\u044c \u0446\u0435\u043b\u044c'), 0, NULL, FALSE),
(41, STRINGDECODE('\u0418\u0437\u043c\u0435\u043d\u0438\u0442\u044c \u0432\u0440\u0435\u043c\u044f \u043f\u0440\u0438\u0435\u043c\u0430'), 0, NULL, FALSE),
(42, STRINGDECODE('\u041d\u0430\u0437\u0430\u0434 \u0432 \u0430\u0434\u043c\u0438\u043d\u043a\u0443'), 10, NULL, FALSE),
(43, STRINGDECODE('\ud83d\ude80 \u041e \u043d\u0430\u0441'), 18, NULL, FALSE),
(44, STRINGDECODE('\ud83c\udf55 \u0421\u0434\u0435\u043b\u0430\u0442\u044c \u0437\u0430\u043a\u0430\u0437'), 21, NULL, FALSE),
(45, STRINGDECODE('\ud83d\udcde \u0417\u0430\u043a\u0430\u0437\u0430\u0442\u044c \u0437\u0432\u043e\u043d\u043e\u043a'), 19, NULL, FALSE),
(46, STRINGDECODE('\ud83d\udceb \u041a\u043e\u043d\u0442\u0430\u043a\u0442\u044b'), 20, NULL, FALSE),
(47, STRINGDECODE('\u041e\u0442\u043f\u0440\u0430\u0432\u0438\u0442\u044c \u043a\u043e\u043d\u0442\u0430\u043a\u0442'), 0, NULL, TRUE);
CREATE CACHED TABLE PUBLIC.COMMAND(
    ID INT NOT NULL,
    COMMAND_TYPE_ID INT,
    MESSAGE_ID INT
);   
ALTER TABLE PUBLIC.COMMAND ADD CONSTRAINT PUBLIC.CONSTRAINT_6 PRIMARY KEY(ID);
-- 21 +/- SELECT COUNT(*) FROM PUBLIC.COMMAND;
INSERT INTO PUBLIC.COMMAND(ID, COMMAND_TYPE_ID, MESSAGE_ID) VALUES
(1, 1, 5),
(2, 22, 0),
(3, 18, 3),
(4, 17, 0),
(5, 1, 4),
(6, 1, 5),
(7, 1, 6),
(8, 1, 9),
(9, 25, 0),
(10, 1, 11),
(11, 2, 1),
(12, 2, 6),
(13, 2, 9),
(14, 21, 0),
(15, 23, 0),
(16, 24, 0),
(17, 26, 0),
(18, 1, 59),
(19, 7, 0),
(20, 1, 63),
(21, 27, 0);        
CREATE CACHED TABLE PUBLIC.MESSAGE(
    ID INT NOT NULL,
    TEXT TEXT,
    PHOTO TEXT,
    KEYBOARD_ID INT
);           
ALTER TABLE PUBLIC.MESSAGE ADD CONSTRAINT PUBLIC.CONSTRAINT_63 PRIMARY KEY(ID);               
-- 67 +/- SELECT COUNT(*) FROM PUBLIC.MESSAGE;
INSERT INTO PUBLIC.MESSAGE(ID, TEXT, PHOTO, KEYBOARD_ID) VALUES
(1, STRINGDECODE('\u0414\u043b\u044f \u0440\u0430\u0431\u043e\u0442\u044b \u0441 \u044d\u0442\u0438\u043c \u0431\u043e\u0442\u043e\u043c \u043d\u0443\u0436\u043d\u043e \u0440\u0430\u0437\u0440\u0435\u0448\u0435\u043d\u0438\u0435 \u0430\u0434\u043c\u0438\u043d\u0438\u0441\u0442\u0440\u0430\u0442\u043e\u0440\u0430'), NULL, 7),
(2, STRINGDECODE('\u0412\u0430\u0448\u0438 \u0446\u0435\u043b\u0438'), NULL, 2),
(3, STRINGDECODE('\u0427\u0442\u0435\u043d\u0438\u0435: '), NULL, 3),
(4, STRINGDECODE('\u0414\u0430\u043d\u043d\u0430\u044f \u0444\u0443\u043d\u043a\u0446\u0438\u044f \u043d\u0435\u0434\u043e\u0441\u0442\u0443\u043f\u043d\u0430 \u0432 \u0434\u0435\u043c\u043e \u0432\u0435\u0440\u0441\u0438\u0438'), NULL, 2),
(5, STRINGDECODE('\u0413\u043b\u0430\u0432\u043d\u043e\u0435 \u043c\u0435\u043d\u044e'), NULL, 1),
(6, STRINGDECODE('\ud83d\udde3 _\u041f\u0430\u043c\u044f\u0442\u043a\u0430 \u043a \u043a\u0430\u0436\u0434\u043e\u043c\u0443 \u043f\u0443\u043d\u043a\u0442\u0443:_\n\n1. \u041a\u0430\u0436\u0434\u044b\u0439 \u0434\u0435\u043d\u044c *\u043c\u0438\u043d\u0438\u043c\u0443\u043c* \u043f\u043e *20 \u043f\u0440\u0438\u0441\u0435\u0434\u0430\u043d\u0438\u0439 \u0438 20 \u043e\u0442\u0436\u0438\u043c\u0430\u043d\u0438\u0439*\ud83c\udfcb\ud83c\udffd\n2. \u041b\u044e\u0431\u043e\u0439 \u043a\u043d\u0438\u0433\u0438 \u043f\u043e \u0441\u0432\u043e\u0435\u043c\u0443 \u0443\u0441\u043c\u043e\u0442\u0440\u0435\u043d\u0438\u044e *(100 \u0441\u0442\u0440. \u043a\u043d\u0438\u0433\u0438/\u043d\u0435\u0434.)*\ud83d\udcda\n3. *3 \u0437\u0432\u043e\u043d\u043a\u0430* \u0434\u0440\u0443\u0433\u0443/\u0440\u043e\u0434\u0441\u0442\u0432\u0435\u043d\u043d\u0438\u043a\u0443, \u0441 \u043a\u0435\u043c \u0434\u0430\u0432\u043d\u043e \u043d\u0435 \u0440\u0430\u0437\u0433\u043e\u0432\u0430\u0440\u0438\u0432\u0430\u043b (\u043c\u0438\u043d\u0438\u043c\u0443\u043c 3\ud83d\udcde/\u043d\u0435\u0434)\u260e\n4. \u0410\u043a\u0442\u0438\u0432\u043d\u043e\u0435 \u0432\u0440\u0435\u043c\u044f\u043f\u0440\u0435\u043f\u0440\u043e\u0432\u043e\u0436\u0434\u0435\u043d\u0438\u0435 \u0441 \u0434\u0435\u0442\u044c\u043c\u0438/\u0441\u0443\u043f\u0440\u0443\u0433\u043e\u0439 *(\u043c\u0438\u043d\u0438\u043c\u0443\u043c 2 \u0447/\u043d\u0435\u0434)*\ud83d\udc68\ud83d\udc69\ud83d\udc67\ud83d\udc66\n5. \u0412\u0441\u0442\u0440\u0435\u0447\u0430 \u0441 \u0447\u0435\u043b\u043e\u0432\u0435\u043a\u043e\u043c, \u043a\u043e\u0442\u043e\u0440\u043e\u0433\u043e \u0441\u0447\u0438\u0442\u0430\u0435\u0442\u0435 \u043f\u0440\u043e\u0434\u0432\u0438\u043d\u0443\u0442\u044b\u043c, \u0443\u0441\u043f\u0435\u0448\u043d\u044b\u043c \u0438 \u043f\u043e\u043b\u0435\u0437\u043d\u044b\u043c \u0434\u043b\u044f \u0432\u0430\u0448\u0435\u0433\u043e \u0440\u0430\u0437\u0432\u0438\u0442\u0438\u044f *(1 \u0432\u0441\u0442\u0440/\u043d\u0435\u0434)*\ud83d\udc65\ud83d\udc54\n6.\u0421\u043f\u043e\u0440\u0442\u0438\u0432\u043d\u043e\u0435 \u0432\u0440\u0435\u043c\u044f\u043f\u0440\u0435\u043f\u0440\u043e\u0432\u043e\u0436\u0434\u0435\u043d\u0438\u0435 (BJJ, \u0424\u0443\u0442\u0431\u043e\u043b, \u0412\u043e\u043b\u0435\u0439\u0431\u043e\u043b, \u0438\u0442\u043f)\ud83c\udfd0\u26bd\u26f9\ud83c\udfff\ud83d\udeb4\ud83c\udffc\ud83c\udfcb\ud83c\udffc\u2640\ud83c\udfca\ud83c\udffd\n(\u041c\u0438\u043d\u0438\u043c\u0443\u043c 3 \u0440\u0430\u0437\u0430 \u0432 \u043d\u0435\u0434\u0435\u043b\u044c\u044e)\n\n_\u0412 \u0442\u0435\u0447\u0435\u043d\u0438\u0435 \u043c\u0435\u0441\u044f\u0446\u0430  \u043f\u0438\u0448\u0435\u043c \u043f\u0440\u043e\u0433\u0440\u0435\u0441\u0441 \u043f\u043e \u043a\u0430\u0436\u0434\u043e\u043c\u0443 \u043f\u0443\u043d\u043a\u0442\u0443, \u0437\u0430 \u043d\u0430\u0438\u043c\u0435\u043d\u044c\u0448\u0435\u0435 \u0432\u044b\u043f\u043e\u043b\u043d\u0435\u043d\u0438\u0435 \u043f\u0443\u043d\u043a\u0442\u043e\u0432  *\u043d\u0430\u043a\u0440\u044b\u0432\u0430\u0435\u0442 \u0434\u0430\u0441\u0442\u0430\u0440\u0445\u0430\u043d \u0434\u043e\u043c\u0430*_\n[19.02, 1:39] \u0415\u0440\u043c\u0435\u043a \u0411\u043e\u0434\u0438: 1. \u0416\u0430\u043a\u0441\u044b\u043b\u044b\u043a\n2. \u0410\u0434\u0438\u043b\u044c \n3. \u0410\u0441\u043b\u0430\u043d \n4. \u0411\u0435\u0440\u0438\u043a\n5. \u0410\u0441\u0435\u0442 \n6. \u041c\u0438\u0440\u0436\u0430\u043d\n7. \u0415\u0440\u043c\u0435\u043a'), NULL, 1);              
INSERT INTO PUBLIC.MESSAGE(ID, TEXT, PHOTO, KEYBOARD_ID) VALUES
(7, STRINGDECODE('\u041a\u043e\u043c\u0430\u043d\u0434\u0430 \u043d\u0435 \u0440\u0430\u0441\u043f\u043e\u0437\u043d\u0430\u043d\u043e, \u0438\u043b\u0438 \u043d\u0435 \u0443\u0434\u0430\u043b\u043e\u0441\u044c \u043e\u0431\u0440\u0430\u0431\u043e\u0442\u0430\u0442\u044c \u0438\u043d\u0444\u043e\u0440\u043c\u0430\u0446\u0438\u044e'), NULL, 1),
(8, STRINGDECODE('\u0412\u0432\u0435\u0434\u0438\u0442\u0435 \u0447\u0438\u0441\u043b\u043e'), NULL, 3),
(9, STRINGDECODE('\u0417\u0434\u0435\u0441\u044c \u043f\u0440\u0430\u0432\u0438\u043b\u0430 \u0433\u0440\u0443\u043f\u043f\u044b'), NULL, 4),
(10, STRINGDECODE('\u0414\u0430\u043d\u043d\u0430\u044f \u0444\u0443\u043d\u043a\u0446\u0438\u044f \u043d\u0435\u0434\u043e\u0441\u0442\u0443\u043f\u043d\u0430 \u0432 \u0434\u0435\u043c\u043e \u0432\u0435\u0440\u0441\u0438\u0438'), NULL, 1),
(11, STRINGDECODE('\u0410\u0434\u043c\u0438\u043d\u043a\u0430'), NULL, 5),
(12, STRINGDECODE('\u041e\u0442\u043f\u0440\u0430\u0432\u044c\u0442\u0435 \u043f\u043e\u0436\u0430\u043b\u0443\u0439\u0441\u0442\u0430 \u0444\u043e\u0442\u043e'), NULL, 6),
(13, STRINGDECODE('\u041e\u0442\u043f\u0440\u0430\u0432\u044c\u0442\u0435 \u043f\u043e\u0436\u0430\u043b\u0443\u0439\u0441\u0442\u0430 \u0442\u0435\u043a\u0441\u0442'), NULL, 0),
(14, STRINGDECODE('\u0414\u0430\u043d\u043d\u044b\u0435 \u0441\u043e\u0445\u0440\u0430\u043d\u0435\u043d\u044b'), NULL, 5),
(15, STRINGDECODE('\u0412\u0430\u0448\u0438 \u0440\u0435\u0437\u0443\u043b\u044c\u0442\u0430\u0442\u044b \u043f\u0435\u0440\u0435\u0434\u0430\u043d\u044b \u0432 \u0433\u0440\u0443\u043f\u043f\u0443'), NULL, 1),
(16, STRINGDECODE('\u0411\u043e\u0442\u0430 \u0445\u043e\u0442\u044f\u0442 \u0434\u043e\u0431\u0430\u0432\u0438\u0442\u044c \u0432 \u0447\u0430\u0442:'), NULL, 0),
(17, STRINGDECODE('\u0420\u0430\u0437\u0440\u0435\u0448\u0435\u043d\u0438\u0435 \u0434\u0430\u043d\u043e'), NULL, 0),
(18, STRINGDECODE('\u0421\u043e\u0436\u0430\u043b\u0435\u0435\u043c \u0431\u043e\u0442 \u043d\u0435 \u043c\u043e\u0436\u0435\u0442 \u0440\u0430\u0431\u043e\u0442\u0430\u0442\u044c \u0432 \u0434\u0430\u043d\u043d\u043e\u0439 \u0433\u0440\u0443\u043f\u043f\u0435'), NULL, 0),
(19, STRINGDECODE('\u0411\u043e\u0442 \u043f\u043e\u043a\u0438\u043d\u0443\u043b \u0433\u0440\u0443\u043f\u043f\u0443'), NULL, 0),
(20, STRINGDECODE('\u041f\u043e\u0436\u0430\u043b\u0443\u0439\u0441\u0442\u0430 \u0436\u0434\u0438\u0442\u0435 \u043e\u0442\u0432\u0435\u0442\u0430 \u043e\u0442 \u0430\u0434\u043c\u0438\u043d\u0438\u0441\u0442\u0440\u0430\u0442\u043e\u0440\u0430'), NULL, 0),
(21, STRINGDECODE('\u041d\u043e\u0432\u044b\u0439 \u0437\u0430\u043f\u0440\u043e\u0441 \u043d\u0430 \u0438\u0441\u043f\u043e\u043b\u044c\u0437\u043e\u0432\u0430\u043d\u0438\u0435 \u0431\u043e\u0442\u0430'), NULL, 0),
(22, STRINGDECODE('\u041f\u043e\u0437\u0434\u0440\u0430\u0432\u043b\u044f\u0435\u043c! \u0412\u044b \u043c\u043e\u0436\u0435\u0442\u0435 \u0438\u0441\u043f\u043e\u043b\u044c\u0437\u043e\u0432\u0430\u0442\u044c \u0434\u0430\u043d\u043d\u043e\u0433\u043e \u0431\u043e\u0442\u0430.'), NULL, 1),
(23, STRINGDECODE('\u0412 \u043a\u0430\u043a\u0443\u044e \u0433\u0440\u0443\u043f\u043f\u0443 \u0445\u043e\u0442\u0438\u0442\u0435 \u0434\u043e\u0431\u0430\u0432\u0438\u0442\u044c \u043f\u043e\u043b\u044c\u0437\u043e\u0432\u0430\u0442\u0435\u043b\u044f:'), NULL, 0),
(24, STRINGDECODE('\u0414\u043e\u0441\u0442\u0443\u043f \u0440\u0430\u0437\u0440\u0435\u0448\u0435\u043d'), NULL, 0),
(25, STRINGDECODE('\u0414\u043e\u0441\u0442\u0443\u043f \u043e\u0442\u043a\u043b\u0430\u043d\u0435\u043d'), NULL, 0),
(26, STRINGDECODE('\u0412\u0432\u0435\u0434\u0438\u0442\u0435 \u043d\u0430\u0437\u0432\u0430\u043d\u0438\u0435 \u0446\u0435\u043b\u0438 (\u043f\u0440\u0438\u043c\u0435\u0440: \u0427\u0442\u0435\u043d\u0438\u0435)'), NULL, 0),
(27, STRINGDECODE('\u0412\u0432\u0435\u0434\u0438\u0442\u0435 \u0447\u0438\u0441\u043b\u043e (\u043f\u0440\u0438\u043c\u0435\u0440: 100). \u0427\u0435\u0433\u043e \u0432\u044b \u0445\u043e\u0442\u0438\u0442\u0435 \u0434\u043e\u0441\u0442\u0438\u0447\u044c.'), NULL, 0);       
INSERT INTO PUBLIC.MESSAGE(ID, TEXT, PHOTO, KEYBOARD_ID) VALUES
(28, STRINGDECODE('\u0426\u0435\u043b\u044c \u0434\u043e\u0431\u0430\u0432\u043b\u0435\u043d\u0430'), NULL, 0),
(29, STRINGDECODE('\u0412\u0432\u0435\u0434\u0438\u0442\u0435 \u0432\u0440\u0435\u043c\u044f \u043d\u0430\u0447\u0430\u043b\u0430 \u043f\u0440\u0438\u0435\u043c\u0430 \u0437\u0430\u0434\u0430\u043d\u0438\u044f. \u041f\u0440\u0438\u043c\u0435\u0440: 08:00'), NULL, 8),
(30, STRINGDECODE('\u0412\u0432\u0435\u0434\u0435\u043d\u043d\u043e\u0435 \u0447\u0438\u0441\u043b\u043e \u043d\u0435 \u043a\u043e\u0440\u0440\u0435\u043a\u0442\u043d\u043e, \u043f\u043e\u043f\u0440\u043e\u0431\u0443\u0439\u0442\u0435 \u0435\u0449\u0435 \u0440\u0430\u0437'), NULL, 0),
(31, STRINGDECODE('\u0412\u0432\u0435\u0434\u0438\u0442\u0435 \u0432\u0440\u0435\u043c\u044f \u0437\u0430\u0432\u0435\u0440\u0448\u0435\u043d\u0438\u044f \u043f\u0440\u0438\u0435\u043c\u0430 \u0437\u0430\u0434\u0430\u043d\u0438\u044f. \u041f\u0440\u0438\u043c\u0435\u0440: 12:00\t'), NULL, 0),
(32, STRINGDECODE('\u0421\u043e\u0436\u0430\u043b\u0435\u0435\u043c \u044d\u0442\u0430 \u0437\u0430\u0434\u0430\u0447\u0430 \u043f\u0440\u0438\u043d\u0438\u043c\u0430\u0435\u0442\u0441\u044f \u0442\u043e\u043b\u044c\u043a\u043e \u0432 \u043f\u0435\u0440\u0438\u043e\u0434:'), NULL, 0),
(33, STRINGDECODE('\u0412\u0432\u0435\u0434\u0438\u0442\u0435 \u043f\u043e\u0436\u0430\u043b\u0443\u0439\u0441\u0442\u0430 \u043d\u0430\u0437\u0432\u0430\u043d\u0438\u0435 \u043a\u043d\u0438\u0433\u0438, \u043a\u043e\u0442\u043e\u0440\u0443\u044e \u0432\u044b \u0447\u0438\u0442\u0430\u0435\u0442\u0435'), NULL, 0),
(34, STRINGDECODE('\u041f\u0440\u043e\u0432\u0435\u0440\u044c\u0442\u0435 \u043f\u0440\u0430\u0432\u0438\u043b\u044c\u043d\u043e\u0441\u0442\u044c \u043d\u0430\u0437\u0432\u0430\u043d\u0438\u044f \u043a\u043d\u0438\u0433\u0438. \u0415\u0441\u043b\u0438 \u043f\u0440\u0430\u0432\u0438\u043b\u044c\u043d\u043e \u043d\u0430\u0436\u043c\u0438\u0442\u0435 ''\u0434\u0430''.'), NULL, 11),
(35, STRINGDECODE('\u0414\u043e\u0441\u0442\u0443\u043f \u0440\u0430\u0437\u0440\u0435\u0448\u0435\u043d, \u0436\u0434\u0438\u0442\u0435 \u043f\u043e\u043a\u0430 \u0430\u0434\u043c\u0438\u043d \u0432\u0430\u0441 \u043d\u0435 \u0434\u043e\u0431\u0430\u0432\u0438\u0442 \u0432 \u0433\u0440\u0443\u043f\u043f\u0443'), NULL, 1),
(36, STRINGDECODE('\u0414\u043e\u0441\u0442\u0443\u043f \u0440\u0430\u0437\u0440\u0435\u0448\u0435\u043d, \u0442\u0435\u043f\u0435\u0440\u044c \u0434\u043e\u0431\u0430\u0432\u044c\u0442\u0435 \u044d\u0442\u043e\u0433\u043e \u044e\u0437\u0435\u0440\u0430 \u0432 \u0433\u0440\u0443\u043f\u043f\u0443'), NULL, 0),
(37, STRINGDECODE('\u0412\u0441\u0435\u043c \u043f\u0440\u0438\u0432\u0435\u0442, \u044f \u0431\u043e\u0442 \u043f\u043e\u043c\u043e\u0449\u044c\u043d\u0438\u043a. \u0421 \u043c\u043e\u0435\u0439 \u043f\u043e\u043c\u043e\u0449\u044c\u044e \u0432\u044b \u043c\u043e\u0436\u0435\u0442\u0435 \u043e\u0442\u0441\u043b\u0435\u0436\u0438\u0432\u0430\u0442\u044c \u0432\u0430\u0448 \u043f\u0440\u043e\u0433\u0440\u0435\u0441\u0441'), NULL, 0),
(38, STRINGDECODE('\u0412\u0432\u0435\u0434\u0438\u0442\u0435 \u043d\u043e\u0432\u044b\u0439 \u0442\u0435\u0437\u0438\u0441'), NULL, 0),
(39, STRINGDECODE('\u041f\u043e\u043a\u0430 \u0442\u0435\u0437\u0438\u0441\u043e\u0432 \u043d\u0435\u0442'), NULL, 0),
(40, STRINGDECODE('\u0412\u044b\u0431\u0435\u0440\u0438\u0442\u0435 \u043a\u043d\u0438\u0433\u0443'), NULL, 0),
(41, STRINGDECODE('\u0420\u0435\u0437\u0443\u043b\u044c\u0442\u0430\u0442\u044b \u0434\u043d\u044f:'), NULL, 0),
(42, STRINGDECODE('\u0412\u044b\u0431\u0435\u0440\u0438\u0442\u0435 \u043f\u0435\u0440\u0438\u043e\u0434'), NULL, 12),
(43, STRINGDECODE('\u0412\u0432\u0435\u0434\u0438\u0442\u0435 \u043d\u0430\u0447\u0430\u043b\u043e \u043f\u0435\u0440\u0438\u043e\u0434\u0430 \u0432 \u044d\u0442\u043e\u043c \u0444\u043e\u0440\u043c\u0430\u0442\u0435: \u0434\u0435\u043d\u044c.\u043c\u0435\u0441\u044f\u0446.\u0433\u043e\u0434, \u043f\u0440\u0438\u043c\u0435\u0440 01.03.17'), NULL, 0),
(44, STRINGDECODE('\u0414\u043b\u044f \u0432\u044b\u0431\u0440\u0430\u043d\u043d\u043e\u0433\u043e \u043f\u0435\u0440\u0438\u043e\u0434\u0430 \u0440\u0435\u0437\u0443\u043b\u044c\u0442\u0430\u0442\u043e\u0432 \u043d\u0435\u0442'), NULL, 0);          
INSERT INTO PUBLIC.MESSAGE(ID, TEXT, PHOTO, KEYBOARD_ID) VALUES
(45, STRINGDECODE('\u0412\u0432\u0435\u0434\u0438\u0442\u0435 \u043a\u043e\u043d\u0435\u0446 \u043f\u0435\u0440\u0438\u043e\u0434\u0430 \u0432 \u044d\u0442\u043e\u043c \u0444\u043e\u0440\u043c\u0430\u0442\u0435: \u0434\u0435\u043d\u044c.\u043c\u0435\u0441\u044f\u0446.\u0433\u043e\u0434, \u043f\u0440\u0438\u043c\u0435\u0440 08.03.17'), NULL, 0),
(46, STRINGDECODE('\u0412\u0432\u0435\u0434\u0435\u043d\u0430 \u043d\u0435 \u043a\u043e\u0440\u0440\u0435\u043a\u0442\u043d\u0430\u044f \u0434\u0430\u0442\u0430, \u0432\u0432\u0435\u0434\u0438\u0442\u0435 \u0432 \u044d\u0442\u043e\u043c \u0444\u043e\u0440\u043c\u0430\u0442\u0435: \u0434\u0435\u043d\u044c.\u043c\u0435\u0441\u044f\u0446.\u0433\u043e\u0434, \u043f\u0440\u0438\u043c\u0435\u0440 08.03.17'), NULL, 0),
(47, STRINGDECODE('\u0412\u044b\u0431\u0435\u0440\u0438\u0442\u0435 \u0446\u0435\u043b\u044c'), NULL, 0),
(48, STRINGDECODE('\u041d\u0435 \u0437\u0430\u0431\u0443\u0434\u044c\u0442\u0435 \u0447\u0442\u043e \u0446\u0435\u043b\u044c [\u041e\u0442\u0436\u0438\u043c\u0430\u043d\u0438\u044f] \u043f\u0440\u0438\u043d\u0438\u043c\u0430\u0435\u0442\u0441\u044f \u0442\u043e\u043b\u044c\u043a\u043e 12 \u0447\u0430\u0441\u043e\u0432'), NULL, 0),
(49, STRINGDECODE('\u041d\u0435 \u0437\u0430\u0431\u0443\u0434\u044c\u0442\u0435 \u0447\u0442\u043e \u0434\u0435\u043d\u044c \u0431\u043b\u0438\u0437\u0438\u0442\u0441\u044f \u043a \u043a\u043e\u043d\u0446\u0443 \ud83d\udd58, \u043f\u0440\u043e\u0432\u0435\u0440\u044c\u0442\u0435 \u0441\u0432\u043e\u0438 \u043f\u043b\u0430\u043d\u044b \ud83d\udcaf\ud83d\ude80\ud83c\udfc1'), NULL, 0),
(50, STRINGDECODE('\u0418\u0437\u043c\u0435\u043d\u0438\u0442\u044c'), NULL, 0),
(51, STRINGDECODE('\u0412\u044b\u0431\u0435\u0440\u0438\u0442\u0435 \u0434\u0435\u0439\u0441\u0442\u0432\u0438\u0435'), NULL, 0),
(52, STRINGDECODE('\u0412\u0432\u0435\u0434\u0438\u0442\u0435 \u043d\u043e\u0432\u043e\u0435 \u0438\u043c\u044f \u0434\u043b\u044f'), NULL, 0),
(53, STRINGDECODE('\u0412\u0432\u0435\u0434\u0438\u0442\u0435 \u0447\u0438\u0441\u043b\u043e, \u043a\u043e\u0442\u043e\u0440\u043e\u0435 \u043d\u0443\u0436\u043d\u043e \u0434\u043e\u0441\u0442\u0438\u0447\u044c \u0434\u043b\u044f \u0446\u0435\u043b\u0438'), NULL, 0),
(54, STRINGDECODE('\u0426\u0435\u043b\u044c \u043e\u0431\u043d\u043e\u0432\u043b\u0435\u043d\u0430, \u0432\u044b\u0431\u0435\u0440\u0438\u0442\u0435 \u043d\u043e\u0432\u043e\u0435 \u0434\u0435\u0439\u0441\u0442\u0432\u0438\u0435'), NULL, 13),
(55, STRINGDECODE('\u041d\u0430 \u044d\u0442\u043e\u0439 \u043d\u0435\u0434\u0435\u043b\u0435 \u043f\u0440\u043e\u0432\u0430\u043b\u0438\u0432\u0448\u0438\u0445\u0441\u044f \u043d\u0435 \u0431\u044b\u043b\u043e'), NULL, 0),
(56, STRINGDECODE('\u043f\u0440\u043e\u0432\u0430\u043b\u0438\u043b \u044d\u0442\u0443 \u043d\u0435\u0434\u0435\u043b\u044e'), NULL, 0),
(57, STRINGDECODE('\u043f\u043e\u043b\u0443\u0447\u0430\u0435\u0442 \u043f\u0440\u0435\u0434\u0443\u043f\u0440\u0435\u0436\u0434\u0435\u043d\u0438\u0435'), NULL, 0),
(58, STRINGDECODE('\u0412\u0441\u0435\u0433\u043e \u0432 \u044d\u0442\u043e\u043c \u043c\u0435\u0441\u044f\u0446\u0435 \u0431\u044b\u043b\u043e \u043f\u0440\u043e\u0432\u0430\u043b\u043e\u0432:'), NULL, 0),
(59, STRINGDECODE('Pizza Astana - \u0442\u0435\u0441\u0442\u043e\u0432\u043e\u0435 \u043e\u043f\u0438\u0441\u0430\u043d\u0438\u0435 \u043f\u0440\u043e\u0435\u043a\u0442\u0430\\\u0431\u043e\u0442\u0430. \u0414\u0430\u043b\u044c\u0448\u0435 \u0444\u0435\u0439\u043a: \u041f\u0438\u0446\u0446\u0430 \u2013 \u043e\u0442\u043a\u0440\u044b\u0442\u044b\u0439 \u043f\u0438\u0440\u043e\u0433 \u0432 \u0432\u0438\u0434\u0435 \u043b\u0435\u043f\u0435\u0448\u043a\u0438, \u043f\u043e\u043a\u0440\u044b\u0442\u043e\u0439 \u043d\u0430\u0447\u0438\u043d\u043a\u0430\u043c\u0438, \u0432 \u043f\u0435\u0440\u0432\u0443\u044e \u043e\u0447\u0435\u0440\u0435\u0434\u044c, \u0440\u0430\u0441\u043f\u043b\u0430\u0432\u043b\u0435\u043d\u043d\u044b\u043c \u0441\u044b\u0440\u043e\u043c. \u041e\u0434\u043d\u043e \u0438\u0437 \u043f\u043e\u043f\u0443\u043b\u044f\u0440\u043d\u0435\u0439\u0448\u0438\u0445 \u0431\u043b\u044e\u0434 \u0432 \u043c\u0438\u0440\u0435, \u0438\u0442\u0430\u043b\u044c\u044f\u043d\u0441\u043a\u043e\u0435 \u043d\u0430\u0446\u0438\u043e\u043d\u0430\u043b\u044c\u043d\u043e\u0435 \u0431\u043b\u044e\u0434\u043e. \u0414\u043b\u044f \u0442\u043e\u0433\u043e, \u0447\u0442\u043e\u0431\u044b \u043f\u0440\u0438\u0433\u043e\u0442\u043e\u0432\u0438\u0442\u044c \u0432\u043a\u0443\u0441\u043d\u0443\u044e \u043f\u0438\u0446\u0446\u0443 \u043d\u0443\u0436\u0435\u043d \u0445\u043e\u0440\u043e\u0448\u0438\u0439 \u0440\u0435\u0446\u0435\u043f\u0442 \u0442\u0435\u0441\u0442\u0430 \u0434\u043b\u044f \u043f\u0438\u0446\u0446\u044b \u0438 \u0440\u0435\u0446\u0435\u043f\u0442 \u043d\u0430\u0447\u0438\u043d\u043a\u0438 \u0434\u043b\u044f \u043f\u0438\u0446\u0446\u044b. \u0411\u043e\u043b\u0435\u0435 \u043f\u044f\u0442\u0438\u0441\u043e\u0442 \u0440\u0435\u0446\u0435\u043f\u0442\u043e\u0432 \u043f\u0440\u0438\u0433\u043e\u0442\u043e\u0432\u043b\u0435\u043d\u0438\u044f \u043f\u0438\u0446\u0446\u044b \u0435\u0441\u0442\u044c \u043d\u0430 \u043d\u0430\u0448\u0435\u043c \u0441\u0430\u0439\u0442\u0435, \u043c\u043d\u043e\u0433\u043e \u0440\u0435\u0446\u0435\u043f\u0442\u043e\u0432 \u043f\u0438\u0446\u0446\u044b \u0441 \u0444\u043e\u0442\u043e. '), NULL, 0);      
INSERT INTO PUBLIC.MESSAGE(ID, TEXT, PHOTO, KEYBOARD_ID) VALUES
(60, STRINGDECODE('\u0412\u0432\u0435\u0434\u0438\u0442\u0435 \u043d\u043e\u043c\u0435\u0440 \u0438\u043b\u0438 \u043d\u0430\u0436\u043c\u0438\u0442\u0435 \u043e\u0442\u043f\u0440\u0430\u0432\u0438\u0442\u044c \u043a\u043e\u043d\u0442\u0430\u043a\u0442'), NULL, 14),
(61, STRINGDECODE('\u041d\u043e\u0432\u044b\u0439 \u0437\u0430\u043f\u0440\u043e\u0441 \u043d\u0430 \u0437\u0432\u043e\u043d\u043e\u043a'), NULL, 0),
(62, STRINGDECODE('\u0412\u0430\u0448 \u0437\u0430\u043f\u0440\u043e\u0441 \u043f\u0435\u0440\u0435\u0434\u0430\u043d \u043c\u0435\u043d\u0435\u0434\u0436\u0435\u0440\u0443'), NULL, 1),
(63, STRINGDECODE('\u0417\u0434\u0435\u0441\u044c \u0431\u0443\u0434\u0443\u0442 \u0432\u0430\u0448\u0438 \u043a\u043e\u043d\u0442\u0430\u043a\u0442\u044b'), NULL, 0),
(64, STRINGDECODE('\u0412\u044b\u0431\u0435\u0440\u0438\u0442\u0435 \u043f\u0438\u0446\u0446\u0443: \r\n/id1 \u041f\u0435\u043f\u043f\u0435\u0440\u043e\u043d\u0438'), NULL, 0),
(65, STRINGDECODE('\u0412\u0432\u0435\u0434\u0438\u0442\u0435 \u0430\u0434\u0440\u0435\u0441'), NULL, 0),
(66, STRINGDECODE('\u0421\u043f\u0430\u0441\u0438\u0431\u043e \u0432\u0430\u0448 \u0437\u0430\u043a\u0430\u0437 \u043f\u0440\u0438\u043d\u044f\u0442'), NULL, 0),
(67, STRINGDECODE('\u041d\u043e\u0432\u044b\u0439 \u0437\u0430\u043a\u0430\u0437 \u043f\u0438\u0446\u0446\u044b \u043f\u0435\u043f\u043f\u0435\u0440\u043e\u043d\u0438, \u0430\u0434\u0440\u0435\u0441:'), NULL, 0);  
CREATE CACHED TABLE PUBLIC.KEYBOARD(
    ID INT NOT NULL,
    BUTTON_IDS TEXT,
    INLINE BOOLEAN,
    COMMENT TEXT
);   
ALTER TABLE PUBLIC.KEYBOARD ADD CONSTRAINT PUBLIC.CONSTRAINT_4 PRIMARY KEY(ID);               
-- 14 +/- SELECT COUNT(*) FROM PUBLIC.KEYBOARD;               
INSERT INTO PUBLIC.KEYBOARD(ID, BUTTON_IDS, INLINE, COMMENT) VALUES
(1, '43,44;45,46', FALSE, 'main'),
(2, '3;9;10', FALSE, 'goals'),
(3, '14;7', FALSE, 'goal menu'),
(4, '15', TRUE, 'url to group'),
(5, '17;18;19;9;38;20', FALSE, 'admin'),
(6, '21', TRUE, 'no photo'),
(7, '24', FALSE, 'ask access'),
(8, '25', TRUE, 'no limit'),
(9, '14;28;29;7', FALSE, 'reading'),
(10, '27;34;30', FALSE, STRINGDECODE('\u0442\u0435\u0437\u0438\u0441')),
(11, '32;33', TRUE, 'yes, no'),
(12, '35;36;37', TRUE, STRINGDECODE('\u0432\u044b\u0431\u043e\u0440 \u043f\u0435\u0440\u0438\u043e\u0434\u0430')),
(13, '39;40;41;42', FALSE, 'choose change goal type'),
(14, '47,10', FALSE, 'send contact');        
CREATE CACHED TABLE PUBLIC.CONST(
    ID INT NOT NULL,
    TEXT TEXT
);    
ALTER TABLE PUBLIC.CONST ADD CONSTRAINT PUBLIC.CONSTRAINT_3 PRIMARY KEY(ID);  
-- 2 +/- SELECT COUNT(*) FROM PUBLIC.CONST;   
INSERT INTO PUBLIC.CONST(ID, TEXT) VALUES
(1, '29'),
(2, '293188753');      
CREATE CACHED TABLE PUBLIC.RESULT(
    ID INT DEFAULT (NEXT VALUE FOR PUBLIC.SYSTEM_SEQUENCE_4AABEEB2_EA07_40BB_91CB_53258EC73D12) NOT NULL NULL_TO_DEFAULT SEQUENCE PUBLIC.SYSTEM_SEQUENCE_4AABEEB2_EA07_40BB_91CB_53258EC73D12,
    USER_ID BIGINT,
    GOAL_ID INT,
    COUNT INT
);  
ALTER TABLE PUBLIC.RESULT ADD CONSTRAINT PUBLIC.CONSTRAINT_8F PRIMARY KEY(ID);
-- 0 +/- SELECT COUNT(*) FROM PUBLIC.RESULT;  
CREATE CACHED TABLE PUBLIC.GROUPS(
    ID INT DEFAULT (NEXT VALUE FOR PUBLIC.SYSTEM_SEQUENCE_40ABA410_2A3A_4E98_AD77_24494D66FBC8) NOT NULL NULL_TO_DEFAULT SEQUENCE PUBLIC.SYSTEM_SEQUENCE_40ABA410_2A3A_4E98_AD77_24494D66FBC8,
    TITLE TEXT,
    CHAT_ID BIGINT,
    CAN_WORK BOOLEAN
);            
ALTER TABLE PUBLIC.GROUPS ADD CONSTRAINT PUBLIC.CONSTRAINT_7D PRIMARY KEY(ID);
-- 3 +/- SELECT COUNT(*) FROM PUBLIC.GROUPS;  
INSERT INTO PUBLIC.GROUPS(ID, TITLE, CHAT_ID, CAN_WORK) VALUES
(2, 'qBots tests', -1001071603595, TRUE),
(3, 'test test', -196278691, TRUE),
(35, 'test2', -188962630, TRUE);              
CREATE CACHED TABLE PUBLIC.USER_RESULT(
    ID INT DEFAULT (NEXT VALUE FOR PUBLIC.SYSTEM_SEQUENCE_383FF7BD_A0A2_4D21_8508_4F0873D57CEF) NOT NULL NULL_TO_DEFAULT SEQUENCE PUBLIC.SYSTEM_SEQUENCE_383FF7BD_A0A2_4D21_8508_4F0873D57CEF,
    GOAL_ID INT,
    COMPLETED INT,
    USER_ID BIGINT
);         
-- 45 +/- SELECT COUNT(*) FROM PUBLIC.USER_RESULT;            
INSERT INTO PUBLIC.USER_RESULT(ID, GOAL_ID, COMPLETED, USER_ID) VALUES
(162, 4, 0, 293188753),
(1, 1, 0, 293188753),
(163, 5, 0, 293188753),
(161, 3, 0, 293188753),
(33, 2, 0, 293188753),
(97, 1, 0, 271036459),
(98, 2, 0, 271036459),
(228, 3, 0, 271036459),
(229, 4, 0, 271036459),
(230, 5, 0, 271036459),
(129, 1, 0, 264755203),
(130, 2, 0, 264755203),
(193, 3, 0, 264755203),
(194, 4, 0, 264755203),
(195, 5, 0, 264755203),
(232, 2, 0, 160990487),
(231, 1, 0, 160990487),
(234, 4, 0, 160990487),
(233, 3, 0, 160990487),
(235, 5, 0, 160990487),
(199, 4, 0, 156632837),
(198, 3, 0, 156632837),
(200, 5, 0, 156632837),
(196, 1, 0, 156632837),
(203, 3, 0, 352529326),
(202, 2, 0, 352529326),
(201, 1, 0, 352529326),
(204, 4, 0, 352529326),
(205, 5, 0, 352529326),
(210, 5, 0, 376175692),
(209, 4, 0, 376175692),
(206, 1, 0, 376175692),
(208, 3, 0, 376175692),
(292, 1, 0, 138630681),
(294, 3, 0, 138630681),
(295, 4, 0, 138630681),
(296, 5, 0, 138630681),
(293, 2, 0, 138630681),
(260, 1, 0, 364642158),
(261, 2, 0, 364642158),
(262, 3, 0, 364642158),
(263, 4, 0, 364642158),
(264, 5, 0, 364642158),
(197, 2, 1, 156632837),
(207, 2, 1, 376175692);        
CREATE CACHED TABLE PUBLIC.USER_RESULT_READING(
    ID INT DEFAULT (NEXT VALUE FOR PUBLIC.SYSTEM_SEQUENCE_92215EE8_E398_4A28_BBC8_5AF7AD8C918B) NOT NULL NULL_TO_DEFAULT SEQUENCE PUBLIC.SYSTEM_SEQUENCE_92215EE8_E398_4A28_BBC8_5AF7AD8C918B,
    COMPLETED INT,
    AIM INT,
    BOOK_NAME TEXT,
    SUMMARY TEXT,
    USER_ID BIGINT
);             
ALTER TABLE PUBLIC.USER_RESULT_READING ADD CONSTRAINT PUBLIC.CONSTRAINT_1 PRIMARY KEY(ID);    
-- 9 +/- SELECT COUNT(*) FROM PUBLIC.USER_RESULT_READING;     
INSERT INTO PUBLIC.USER_RESULT_READING(ID, COMPLETED, AIM, BOOK_NAME, SUMMARY, USER_ID) VALUES
(1, 0, 100, '', '', 293188753),
(34, 0, 100, '', '', 271036459),
(66, 0, 100, '', '', 264755203),
(98, 0, 100, '', '', 156632837),
(99, 0, 100, '', '', 352529326),
(100, 0, 100, '', '', 376175692),
(130, 0, 100, '', '', 160990487),
(162, 0, 100, '', '', 364642158),
(194, 0, 100, '', '', 138630681);           
CREATE CACHED TABLE PUBLIC.GOAL(
    ID INT DEFAULT (NEXT VALUE FOR PUBLIC.SYSTEM_SEQUENCE_E1CC03DD_C277_42A1_B580_D787A284F268) NOT NULL NULL_TO_DEFAULT SEQUENCE PUBLIC.SYSTEM_SEQUENCE_E1CC03DD_C277_42A1_B580_D787A284F268,
    NAME TEXT,
    AIM INT,
    WITH_TIME_LIMIT BOOLEAN,
    START_TIME TEXT,
    END_TIME TEXT
);     
ALTER TABLE PUBLIC.GOAL ADD CONSTRAINT PUBLIC.CONSTRAINT_21 PRIMARY KEY(ID);  
-- 5 +/- SELECT COUNT(*) FROM PUBLIC.GOAL;    
INSERT INTO PUBLIC.GOAL(ID, NAME, AIM, WITH_TIME_LIMIT, START_TIME, END_TIME) VALUES
(1, STRINGDECODE('\ud83d\udcde\u260e\ufe0f\ud83d\udc68\u200d\ud83d\udcbc/\ud83d\udc68\u200d\ud83d\udc69\u200d\ud83d\udc67\u200d\ud83d\udc66 Call'), 3, FALSE, NULL, NULL),
(2, STRINGDECODE('\ud83c\udfcb\u200d\u264020/20'), 7, TRUE, '08:00', '12:00'),
(3, STRINGDECODE('\u23f0\ud83d\udc68\u200d\ud83d\udc69\u200d\ud83d\udc67\u200d\ud83d\udc66Family time'), 2, FALSE, NULL, NULL),
(4, STRINGDECODE('\ud83d\udd70\ud83d\udc68\u200d\u2696\ud83d\udcbcBusiness time'), 1, FALSE, NULL, NULL),
(5, STRINGDECODE('\ud83e\udd4b\ud83c\udfca\u26f9\ud83e\udd3c\u200d\u2642 Sport'), 3, FALSE, NULL, NULL);        
CREATE CACHED TABLE PUBLIC.THESIS(
    ID INT DEFAULT (NEXT VALUE FOR PUBLIC.SYSTEM_SEQUENCE_A99ADDC2_6369_46AD_9F02_67788F83D9EA) NOT NULL NULL_TO_DEFAULT SEQUENCE PUBLIC.SYSTEM_SEQUENCE_A99ADDC2_6369_46AD_9F02_67788F83D9EA,
    BOOK_NAME TEXT,
    USER_NAME TEXT,
    THESIS TEXT
);             
ALTER TABLE PUBLIC.THESIS ADD CONSTRAINT PUBLIC.CONSTRAINT_9 PRIMARY KEY(ID); 
-- 9 +/- SELECT COUNT(*) FROM PUBLIC.THESIS;  
INSERT INTO PUBLIC.THESIS(ID, BOOK_NAME, USER_NAME, THESIS) VALUES
(1, STRINGDECODE('\u0410\u0431\u0430\u0439'), 'Yerassyl', STRINGDECODE('\n\n\u041d\u0430\u0447\u0430\u043b\u043e \u043a\u043b\u0430\u0441\u0441\u043d\u043e\u0435\n\n\u041f\u0440\u043e\u0434\u043e\u043b\u0436\u0435\u043d\u0438\u0435 \u0442\u043e\u0436\u0435 \u043d\u0438\u0447\u0435')),
(2, STRINGDECODE('\u0410\u0431\u0430\u0439 2'), 'Yerassyl', ''),
(33, STRINGDECODE('\u0410\u0431\u0430\u0439 3'), 'Yerassyl', ''),
(65, STRINGDECODE('\u0410\u0431\u0430\u0439 4'), 'Yerassyl', STRINGDECODE('\n\nTghj\n\nVjk\n\nDgjj')),
(66, 'Book', 'Yerassyl', STRINGDECODE('\n\nYgd')),
(67, 'Book2', 'Yerassyl', STRINGDECODE('\n\nXgj')),
(68, 'Book3', 'Yerassyl', STRINGDECODE('\n\nIffy')),
(97, STRINGDECODE('\u041a\u043d\u0438\u043d\u0430'), 'Zhanibek', NULL),
(129, '6', '40729', NULL);            
CREATE CACHED TABLE PUBLIC.SAVED_RESULTS(
    ID INT DEFAULT (NEXT VALUE FOR PUBLIC.SYSTEM_SEQUENCE_57F5813A_9AA0_4BF4_BFEC_E9C203022957) NOT NULL NULL_TO_DEFAULT SEQUENCE PUBLIC.SYSTEM_SEQUENCE_57F5813A_9AA0_4BF4_BFEC_E9C203022957,
    USER_ID BIGINT,
    DATE TEXT,
    RESULT INT,
    GOAL_ID INT
);          
ALTER TABLE PUBLIC.SAVED_RESULTS ADD CONSTRAINT PUBLIC.CONSTRAINT_80 PRIMARY KEY(ID);         
-- 1000 +/- SELECT COUNT(*) FROM PUBLIC.SAVED_RESULTS;        
INSERT INTO PUBLIC.SAVED_RESULTS(ID, USER_ID, DATE, RESULT, GOAL_ID) VALUES
(1, 293188753, '01.03.17', 10, 1),
(2, 293188753, '02.03.17', 7, 1),
(3, 293188753, '03.03.17', 15, 1),
(4, 293188753, '21.02.17', 12, 1),
(5, 293188753, '22.02.17', 12, 1),
(6, 293188753, '06.03.17', 0, 1),
(7, 293188753, '06.03.17', 16, 2),
(8, 293188753, '06.03.17', 1, 3),
(9, 293188753, '06.03.17', 0, 4),
(10, 293188753, '06.03.17', 1, 5),
(11, 271036459, '06.03.17', 0, 1),
(12, 271036459, '06.03.17', 0, 2),
(13, 271036459, '06.03.17', 0, 3),
(14, 271036459, '06.03.17', 0, 4),
(15, 271036459, '06.03.17', 0, 5),
(16, 264755203, '06.03.17', 0, 1),
(17, 264755203, '06.03.17', 0, 2),
(18, 264755203, '06.03.17', 0, 3),
(19, 264755203, '06.03.17', 0, 4),
(20, 264755203, '06.03.17', 0, 5),
(21, 160990487, '06.03.17', 0, 1),
(22, 160990487, '06.03.17', 0, 2),
(23, 160990487, '06.03.17', 0, 3),
(24, 160990487, '06.03.17', 0, 4),
(25, 160990487, '06.03.17', 0, 5),
(26, 156632837, '06.03.17', 0, 1),
(27, 156632837, '06.03.17', 0, 2),
(28, 156632837, '06.03.17', 0, 3),
(29, 156632837, '06.03.17', 0, 4),
(30, 156632837, '06.03.17', 1, 5),
(31, 352529326, '06.03.17', 0, 1),
(32, 352529326, '06.03.17', 20, 2),
(33, 352529326, '06.03.17', 0, 3),
(34, 352529326, '06.03.17', 0, 4),
(35, 352529326, '06.03.17', 1, 5),
(36, 376175692, '06.03.17', 0, 1),
(37, 376175692, '06.03.17', 20, 2),
(38, 376175692, '06.03.17', 0, 3),
(39, 376175692, '06.03.17', 0, 4),
(40, 376175692, '06.03.17', 0, 5),
(70, 293188753, '07.03.17', 0, 1),
(71, 293188753, '07.03.17', 0, 2),
(72, 293188753, '07.03.17', 0, 3),
(73, 293188753, '07.03.17', 0, 4),
(74, 293188753, '07.03.17', 0, 5),
(75, 271036459, '07.03.17', 0, 1),
(76, 271036459, '07.03.17', 0, 2),
(77, 271036459, '07.03.17', 0, 3),
(78, 271036459, '07.03.17', 0, 4),
(79, 271036459, '07.03.17', 0, 5),
(80, 264755203, '07.03.17', 0, 1),
(81, 264755203, '07.03.17', 0, 2),
(82, 264755203, '07.03.17', 0, 3),
(83, 264755203, '07.03.17', 0, 4),
(84, 264755203, '07.03.17', 0, 5),
(85, 160990487, '07.03.17', 1, 1),
(86, 160990487, '07.03.17', 20, 2),
(87, 160990487, '07.03.17', 1, 3),
(88, 160990487, '07.03.17', 0, 4),
(89, 160990487, '07.03.17', 1, 5),
(90, 156632837, '07.03.17', 0, 1),
(91, 156632837, '07.03.17', 40, 2),
(92, 156632837, '07.03.17', 7, 3),
(93, 156632837, '07.03.17', 1, 4),
(94, 156632837, '07.03.17', 15, 5),
(95, 352529326, '07.03.17', 2, 1),
(96, 352529326, '07.03.17', 20, 2),
(97, 352529326, '07.03.17', 0, 3),
(98, 352529326, '07.03.17', 0, 4),
(99, 352529326, '07.03.17', 0, 5),
(100, 376175692, '07.03.17', 0, 1),
(101, 376175692, '07.03.17', 20, 2),
(102, 376175692, '07.03.17', 2, 3),
(103, 376175692, '07.03.17', 0, 4),
(104, 376175692, '07.03.17', 0, 5),
(105, 293188753, '08.03.17', 0, 1),
(106, 293188753, '08.03.17', 0, 2),
(107, 293188753, '08.03.17', 0, 3),
(108, 293188753, '08.03.17', 0, 4),
(109, 293188753, '08.03.17', 0, 5),
(110, 271036459, '08.03.17', 0, 1),
(111, 271036459, '08.03.17', 0, 2),
(112, 271036459, '08.03.17', 0, 3),
(113, 271036459, '08.03.17', 0, 4),
(114, 271036459, '08.03.17', 0, 5),
(115, 264755203, '08.03.17', 0, 1),
(116, 264755203, '08.03.17', 0, 2),
(117, 264755203, '08.03.17', 0, 3),
(118, 264755203, '08.03.17', 0, 4),
(119, 264755203, '08.03.17', 0, 5),
(120, 160990487, '08.03.17', 1, 1),
(121, 160990487, '08.03.17', 0, 2),
(122, 160990487, '08.03.17', 1, 3),
(123, 160990487, '08.03.17', 0, 4),
(124, 160990487, '08.03.17', 0, 5),
(125, 156632837, '08.03.17', 0, 1),
(126, 156632837, '08.03.17', 0, 2),
(127, 156632837, '08.03.17', 0, 3),
(128, 156632837, '08.03.17', 0, 4),
(129, 156632837, '08.03.17', 0, 5),
(130, 352529326, '08.03.17', 0, 1),
(131, 352529326, '08.03.17', 0, 2),
(132, 352529326, '08.03.17', 0, 3),
(133, 352529326, '08.03.17', 0, 4),
(134, 352529326, '08.03.17', 1, 5),
(135, 376175692, '08.03.17', 3, 1),
(136, 376175692, '08.03.17', 20, 2),
(137, 376175692, '08.03.17', 0, 3),
(138, 376175692, '08.03.17', 0, 4),
(139, 376175692, '08.03.17', 0, 5),
(140, 293188753, '09.03.17', 0, 1),
(141, 293188753, '09.03.17', 0, 2),
(142, 293188753, '09.03.17', 0, 3),
(143, 293188753, '09.03.17', 0, 4);           
INSERT INTO PUBLIC.SAVED_RESULTS(ID, USER_ID, DATE, RESULT, GOAL_ID) VALUES
(144, 293188753, '09.03.17', 0, 5),
(145, 271036459, '09.03.17', 0, 1),
(146, 271036459, '09.03.17', 0, 2),
(147, 271036459, '09.03.17', 0, 3),
(148, 271036459, '09.03.17', 0, 4),
(149, 271036459, '09.03.17', 0, 5),
(150, 264755203, '09.03.17', 0, 1),
(151, 264755203, '09.03.17', 0, 2),
(152, 264755203, '09.03.17', 0, 3),
(153, 264755203, '09.03.17', 0, 4),
(154, 264755203, '09.03.17', 0, 5),
(155, 160990487, '09.03.17', 0, 1),
(156, 160990487, '09.03.17', 0, 2),
(157, 160990487, '09.03.17', 0, 3),
(158, 160990487, '09.03.17', 0, 4),
(159, 160990487, '09.03.17', 0, 5),
(160, 156632837, '09.03.17', 0, 1),
(161, 156632837, '09.03.17', 40, 2),
(162, 156632837, '09.03.17', 0, 3),
(163, 156632837, '09.03.17', 0, 4),
(164, 156632837, '09.03.17', 0, 5),
(165, 352529326, '09.03.17', 0, 1),
(166, 352529326, '09.03.17', 20, 2),
(167, 352529326, '09.03.17', 0, 3),
(168, 352529326, '09.03.17', 0, 4),
(169, 352529326, '09.03.17', 1, 5),
(170, 376175692, '09.03.17', 0, 1),
(171, 376175692, '09.03.17', 20, 2),
(172, 376175692, '09.03.17', 0, 3),
(173, 376175692, '09.03.17', 0, 4),
(174, 376175692, '09.03.17', 0, 5),
(198, 293188753, '15.03.17', 0, 2),
(199, 293188753, '15.03.17', 0, 1),
(200, 293188753, '15.03.17', 1, 3),
(201, 293188753, '15.03.17', 0, 4),
(202, 293188753, '15.03.17', 1, 5),
(203, 271036459, '15.03.17', 0, 2),
(204, 271036459, '15.03.17', 0, 1),
(205, 271036459, '15.03.17', 0, 3),
(206, 271036459, '15.03.17', 0, 4),
(207, 271036459, '15.03.17', 0, 5),
(208, 264755203, '15.03.17', 0, 2),
(209, 264755203, '15.03.17', 0, 1),
(210, 264755203, '15.03.17', 0, 3),
(211, 264755203, '15.03.17', 0, 4),
(212, 264755203, '15.03.17', 0, 5),
(213, 160990487, '15.03.17', 1, 2),
(214, 160990487, '15.03.17', 2, 1),
(215, 160990487, '15.03.17', 2, 3),
(216, 160990487, '15.03.17', 1, 4),
(217, 160990487, '15.03.17', 1, 5),
(218, 156632837, '15.03.17', 100, 2),
(219, 156632837, '15.03.17', 5, 1),
(220, 156632837, '15.03.17', 7, 3),
(221, 156632837, '15.03.17', 1, 4),
(222, 156632837, '15.03.17', 16, 5),
(223, 352529326, '15.03.17', 100, 2),
(224, 352529326, '15.03.17', 2, 1),
(225, 352529326, '15.03.17', 0, 3),
(226, 352529326, '15.03.17', 0, 4),
(227, 352529326, '15.03.17', 3, 5),
(228, 376175692, '15.03.17', 20, 2),
(229, 376175692, '15.03.17', 0, 1),
(230, 376175692, '15.03.17', 0, 3),
(231, 376175692, '15.03.17', 0, 4),
(232, 376175692, '15.03.17', 0, 5),
(233, 138630681, '15.03.17', 0, 2),
(234, 138630681, '15.03.17', 0, 1),
(235, 138630681, '15.03.17', 0, 3),
(236, 138630681, '15.03.17', 0, 4),
(237, 138630681, '15.03.17', 0, 5),
(238, 364642158, '15.03.17', 0, 2),
(239, 364642158, '15.03.17', 0, 1),
(240, 364642158, '15.03.17', 0, 3),
(241, 364642158, '15.03.17', 0, 4),
(242, 364642158, '15.03.17', 0, 5),
(262, 293188753, '16.03.17', 1, 2),
(263, 293188753, '16.03.17', 0, 1),
(264, 293188753, '16.03.17', 0, 3),
(265, 293188753, '16.03.17', 0, 4),
(266, 293188753, '16.03.17', 0, 5),
(267, 271036459, '16.03.17', 0, 2),
(268, 271036459, '16.03.17', 0, 1),
(269, 271036459, '16.03.17', 0, 3),
(270, 271036459, '16.03.17', 0, 4),
(271, 271036459, '16.03.17', 0, 5),
(272, 264755203, '16.03.17', 0, 2),
(273, 264755203, '16.03.17', 0, 1),
(274, 264755203, '16.03.17', 0, 3),
(275, 264755203, '16.03.17', 0, 4),
(276, 264755203, '16.03.17', 0, 5),
(277, 160990487, '16.03.17', 3, 2),
(278, 160990487, '16.03.17', 0, 1),
(279, 160990487, '16.03.17', 0, 3),
(280, 160990487, '16.03.17', 1, 4),
(281, 160990487, '16.03.17', 1, 5),
(282, 156632837, '16.03.17', 0, 2),
(283, 156632837, '16.03.17', 0, 1),
(284, 156632837, '16.03.17', 0, 3),
(285, 156632837, '16.03.17', 0, 4),
(286, 156632837, '16.03.17', 0, 5),
(287, 352529326, '16.03.17', 0, 2),
(288, 352529326, '16.03.17', 0, 1),
(289, 352529326, '16.03.17', 0, 3),
(290, 352529326, '16.03.17', 0, 4),
(291, 352529326, '16.03.17', 0, 5),
(292, 376175692, '16.03.17', 60, 2),
(293, 376175692, '16.03.17', 0, 1),
(294, 376175692, '16.03.17', 0, 3),
(295, 376175692, '16.03.17', 0, 4),
(296, 376175692, '16.03.17', 0, 5),
(297, 138630681, '16.03.17', 0, 2);         
INSERT INTO PUBLIC.SAVED_RESULTS(ID, USER_ID, DATE, RESULT, GOAL_ID) VALUES
(298, 138630681, '16.03.17', 0, 1),
(299, 138630681, '16.03.17', 0, 3),
(300, 138630681, '16.03.17', 0, 4),
(301, 138630681, '16.03.17', 0, 5),
(302, 364642158, '16.03.17', 0, 2),
(303, 364642158, '16.03.17', 0, 1),
(304, 364642158, '16.03.17', 0, 3),
(305, 364642158, '16.03.17', 0, 4),
(306, 364642158, '16.03.17', 0, 5),
(307, 293188753, '17.03.17', 0, 2),
(308, 293188753, '17.03.17', 0, 1),
(309, 293188753, '17.03.17', 0, 3),
(310, 293188753, '17.03.17', 0, 4),
(311, 293188753, '17.03.17', 0, 5),
(312, 271036459, '17.03.17', 0, 2),
(313, 271036459, '17.03.17', 0, 1),
(314, 271036459, '17.03.17', 0, 3),
(315, 271036459, '17.03.17', 0, 4),
(316, 271036459, '17.03.17', 0, 5),
(317, 264755203, '17.03.17', 0, 2),
(318, 264755203, '17.03.17', 0, 1),
(319, 264755203, '17.03.17', 0, 3),
(320, 264755203, '17.03.17', 0, 4),
(321, 264755203, '17.03.17', 0, 5),
(322, 160990487, '17.03.17', 1, 2),
(323, 160990487, '17.03.17', 0, 1),
(324, 160990487, '17.03.17', 0, 3),
(325, 160990487, '17.03.17', 1, 4),
(326, 160990487, '17.03.17', 0, 5),
(327, 156632837, '17.03.17', 20, 2),
(328, 156632837, '17.03.17', 0, 1),
(329, 156632837, '17.03.17', 0, 3),
(330, 156632837, '17.03.17', 0, 4),
(331, 156632837, '17.03.17', 0, 5),
(332, 352529326, '17.03.17', 20, 2),
(333, 352529326, '17.03.17', 0, 1),
(334, 352529326, '17.03.17', 0, 3),
(335, 352529326, '17.03.17', 0, 4),
(336, 352529326, '17.03.17', 0, 5),
(337, 376175692, '17.03.17', 20, 2),
(338, 376175692, '17.03.17', 2, 1),
(339, 376175692, '17.03.17', 2, 3),
(340, 376175692, '17.03.17', 0, 4),
(341, 376175692, '17.03.17', 0, 5),
(342, 138630681, '17.03.17', 0, 2),
(343, 138630681, '17.03.17', 0, 1),
(344, 138630681, '17.03.17', 0, 3),
(345, 138630681, '17.03.17', 0, 4),
(346, 138630681, '17.03.17', 0, 5),
(347, 364642158, '17.03.17', 0, 2),
(348, 364642158, '17.03.17', 0, 1),
(349, 364642158, '17.03.17', 0, 3),
(350, 364642158, '17.03.17', 0, 4),
(351, 364642158, '17.03.17', 0, 5),
(352, 293188753, '18.03.17', 0, 2),
(353, 293188753, '18.03.17', 0, 1),
(354, 293188753, '18.03.17', 0, 3),
(355, 293188753, '18.03.17', 0, 4),
(356, 293188753, '18.03.17', 0, 5),
(357, 271036459, '18.03.17', 0, 2),
(358, 271036459, '18.03.17', 0, 1),
(359, 271036459, '18.03.17', 0, 3),
(360, 271036459, '18.03.17', 0, 4),
(361, 271036459, '18.03.17', 0, 5),
(362, 264755203, '18.03.17', 0, 2),
(363, 264755203, '18.03.17', 0, 1),
(364, 264755203, '18.03.17', 0, 3),
(365, 264755203, '18.03.17', 0, 4),
(366, 264755203, '18.03.17', 0, 5),
(367, 160990487, '18.03.17', 1, 2),
(368, 160990487, '18.03.17', 0, 1),
(369, 160990487, '18.03.17', 0, 3),
(370, 160990487, '18.03.17', 0, 4),
(371, 160990487, '18.03.17', 0, 5),
(372, 156632837, '18.03.17', 20, 2),
(373, 156632837, '18.03.17', 0, 1),
(374, 156632837, '18.03.17', 0, 3),
(375, 156632837, '18.03.17', 0, 4),
(376, 156632837, '18.03.17', 0, 5),
(377, 352529326, '18.03.17', 0, 2),
(378, 352529326, '18.03.17', 0, 1),
(379, 352529326, '18.03.17', 0, 3),
(380, 352529326, '18.03.17', 0, 4),
(381, 352529326, '18.03.17', 0, 5),
(382, 376175692, '18.03.17', -94, 2),
(383, 376175692, '18.03.17', 1, 1),
(384, 376175692, '18.03.17', 0, 3),
(385, 376175692, '18.03.17', 0, 4),
(386, 376175692, '18.03.17', 0, 5),
(387, 138630681, '18.03.17', 0, 2),
(388, 138630681, '18.03.17', 0, 1),
(389, 138630681, '18.03.17', 0, 3),
(390, 138630681, '18.03.17', 0, 4),
(391, 138630681, '18.03.17', 0, 5),
(392, 364642158, '18.03.17', 0, 2),
(393, 364642158, '18.03.17', 0, 1),
(394, 364642158, '18.03.17', 0, 3),
(395, 364642158, '18.03.17', 0, 4),
(396, 364642158, '18.03.17', 0, 5),
(397, 293188753, '19.03.17', 1, 2),
(398, 293188753, '19.03.17', 0, 1),
(399, 293188753, '19.03.17', 1, 3),
(400, 293188753, '19.03.17', 0, 4),
(401, 293188753, '19.03.17', 1, 5),
(402, 271036459, '19.03.17', 0, 2),
(403, 271036459, '19.03.17', 0, 1),
(404, 271036459, '19.03.17', 0, 3),
(405, 271036459, '19.03.17', 0, 4),
(406, 271036459, '19.03.17', 0, 5),
(407, 264755203, '19.03.17', 0, 2),
(408, 264755203, '19.03.17', 0, 1),
(409, 264755203, '19.03.17', 0, 3);             
INSERT INTO PUBLIC.SAVED_RESULTS(ID, USER_ID, DATE, RESULT, GOAL_ID) VALUES
(410, 264755203, '19.03.17', 0, 4),
(411, 264755203, '19.03.17', 0, 5),
(412, 160990487, '19.03.17', 6, 2),
(413, 160990487, '19.03.17', 2, 1),
(414, 160990487, '19.03.17', 2, 3),
(415, 160990487, '19.03.17', 3, 4),
(416, 160990487, '19.03.17', 2, 5),
(417, 156632837, '19.03.17', 140, 2),
(418, 156632837, '19.03.17', 5, 1),
(419, 156632837, '19.03.17', 7, 3),
(420, 156632837, '19.03.17', 1, 4),
(421, 156632837, '19.03.17', 16, 5),
(422, 352529326, '19.03.17', 120, 2),
(423, 352529326, '19.03.17', 2, 1),
(424, 352529326, '19.03.17', 0, 3),
(425, 352529326, '19.03.17', 0, 4),
(426, 352529326, '19.03.17', 3, 5),
(427, 376175692, '19.03.17', 7, 2),
(428, 376175692, '19.03.17', 3, 1),
(429, 376175692, '19.03.17', 2, 3),
(430, 376175692, '19.03.17', 0, 4),
(431, 376175692, '19.03.17', 0, 5),
(432, 138630681, '19.03.17', 0, 2),
(433, 138630681, '19.03.17', 0, 1),
(434, 138630681, '19.03.17', 0, 3),
(435, 138630681, '19.03.17', 0, 4),
(436, 138630681, '19.03.17', 0, 5),
(437, 364642158, '19.03.17', 0, 2),
(438, 364642158, '19.03.17', 0, 1),
(439, 364642158, '19.03.17', 0, 3),
(440, 364642158, '19.03.17', 0, 4),
(441, 364642158, '19.03.17', 0, 5),
(442, 293188753, '20.03.17', 0, 2),
(443, 293188753, '20.03.17', 0, 1),
(444, 293188753, '20.03.17', 0, 3),
(445, 293188753, '20.03.17', 0, 4),
(446, 293188753, '20.03.17', 0, 5),
(447, 271036459, '20.03.17', 0, 2),
(448, 271036459, '20.03.17', 0, 1),
(449, 271036459, '20.03.17', 0, 3),
(450, 271036459, '20.03.17', 0, 4),
(451, 271036459, '20.03.17', 0, 5),
(452, 264755203, '20.03.17', 0, 2),
(453, 264755203, '20.03.17', 0, 1),
(454, 264755203, '20.03.17', 0, 3),
(455, 264755203, '20.03.17', 0, 4),
(456, 264755203, '20.03.17', 0, 5),
(457, 160990487, '20.03.17', 0, 2),
(458, 160990487, '20.03.17', 0, 1),
(459, 160990487, '20.03.17', 0, 3),
(460, 160990487, '20.03.17', 0, 4),
(461, 160990487, '20.03.17', 1, 5),
(462, 156632837, '20.03.17', 40, 2),
(463, 156632837, '20.03.17', 0, 1),
(464, 156632837, '20.03.17', 0, 3),
(465, 156632837, '20.03.17', 0, 4),
(466, 156632837, '20.03.17', 0, 5),
(467, 352529326, '20.03.17', 0, 2),
(468, 352529326, '20.03.17', 0, 1),
(469, 352529326, '20.03.17', 0, 3),
(470, 352529326, '20.03.17', 0, 4),
(471, 352529326, '20.03.17', 0, 5),
(472, 376175692, '20.03.17', 0, 2),
(473, 376175692, '20.03.17', 0, 1),
(474, 376175692, '20.03.17', 0, 3),
(475, 376175692, '20.03.17', 0, 4),
(476, 376175692, '20.03.17', 0, 5),
(477, 138630681, '20.03.17', 0, 2),
(478, 138630681, '20.03.17', 0, 1),
(479, 138630681, '20.03.17', 0, 3),
(480, 138630681, '20.03.17', 0, 4),
(481, 138630681, '20.03.17', 0, 5),
(482, 364642158, '20.03.17', 0, 2),
(483, 364642158, '20.03.17', 0, 1),
(484, 364642158, '20.03.17', 0, 3),
(485, 364642158, '20.03.17', 0, 4),
(486, 364642158, '20.03.17', 0, 5),
(518, 293188753, '21.03.17', 0, 2),
(519, 293188753, '21.03.17', 0, 1),
(520, 293188753, '21.03.17', 0, 3),
(521, 293188753, '21.03.17', 0, 4),
(522, 293188753, '21.03.17', 0, 5),
(523, 271036459, '21.03.17', 0, 2),
(524, 271036459, '21.03.17', 0, 1),
(525, 271036459, '21.03.17', 0, 3),
(526, 271036459, '21.03.17', 0, 4),
(527, 271036459, '21.03.17', 0, 5),
(528, 264755203, '21.03.17', 0, 2),
(529, 264755203, '21.03.17', 0, 1),
(530, 264755203, '21.03.17', 0, 3),
(531, 264755203, '21.03.17', 0, 4),
(532, 264755203, '21.03.17', 0, 5),
(533, 160990487, '21.03.17', 1, 2),
(534, 160990487, '21.03.17', 0, 1),
(535, 160990487, '21.03.17', 0, 3),
(536, 160990487, '21.03.17', 0, 4),
(537, 160990487, '21.03.17', 0, 5),
(538, 156632837, '21.03.17', 2, 2),
(539, 156632837, '21.03.17', 0, 1),
(540, 156632837, '21.03.17', 0, 3),
(541, 156632837, '21.03.17', 0, 4),
(542, 156632837, '21.03.17', 0, 5),
(543, 352529326, '21.03.17', 0, 2),
(544, 352529326, '21.03.17', 0, 1),
(545, 352529326, '21.03.17', 0, 3),
(546, 352529326, '21.03.17', 0, 4),
(547, 352529326, '21.03.17', 0, 5),
(548, 376175692, '21.03.17', 0, 2),
(549, 376175692, '21.03.17', 0, 1),
(550, 376175692, '21.03.17', 0, 3),
(551, 376175692, '21.03.17', 0, 4),
(552, 376175692, '21.03.17', 0, 5);             
INSERT INTO PUBLIC.SAVED_RESULTS(ID, USER_ID, DATE, RESULT, GOAL_ID) VALUES
(553, 138630681, '21.03.17', 0, 2),
(554, 138630681, '21.03.17', 0, 1),
(555, 138630681, '21.03.17', 0, 3),
(556, 138630681, '21.03.17', 0, 4),
(557, 138630681, '21.03.17', 0, 5),
(558, 364642158, '21.03.17', 0, 2),
(559, 364642158, '21.03.17', 0, 1),
(560, 364642158, '21.03.17', 0, 3),
(561, 364642158, '21.03.17', 0, 4),
(562, 364642158, '21.03.17', 0, 5),
(563, 293188753, '22.03.17', 0, 2),
(564, 293188753, '22.03.17', 0, 1),
(565, 293188753, '22.03.17', 0, 3),
(566, 293188753, '22.03.17', 0, 4),
(567, 293188753, '22.03.17', 0, 5),
(568, 271036459, '22.03.17', 0, 2),
(569, 271036459, '22.03.17', 0, 1),
(570, 271036459, '22.03.17', 0, 3),
(571, 271036459, '22.03.17', 0, 4),
(572, 271036459, '22.03.17', 0, 5),
(573, 264755203, '22.03.17', 0, 2),
(574, 264755203, '22.03.17', 0, 1),
(575, 264755203, '22.03.17', 0, 3),
(576, 264755203, '22.03.17', 0, 4),
(577, 264755203, '22.03.17', 0, 5),
(578, 160990487, '22.03.17', 0, 2),
(579, 160990487, '22.03.17', 0, 1),
(580, 160990487, '22.03.17', 0, 3),
(581, 160990487, '22.03.17', 0, 4),
(582, 160990487, '22.03.17', 0, 5),
(583, 156632837, '22.03.17', 0, 2),
(584, 156632837, '22.03.17', 0, 1),
(585, 156632837, '22.03.17', 0, 3),
(586, 156632837, '22.03.17', 0, 4),
(587, 156632837, '22.03.17', 0, 5),
(588, 352529326, '22.03.17', 20, 2),
(589, 352529326, '22.03.17', 0, 1),
(590, 352529326, '22.03.17', 1, 3),
(591, 352529326, '22.03.17', 1, 4),
(592, 352529326, '22.03.17', 0, 5),
(593, 376175692, '22.03.17', 2, 2),
(594, 376175692, '22.03.17', 0, 1),
(595, 376175692, '22.03.17', 0, 3),
(596, 376175692, '22.03.17', 0, 4),
(597, 376175692, '22.03.17', 0, 5),
(598, 138630681, '22.03.17', 0, 2),
(599, 138630681, '22.03.17', 0, 1),
(600, 138630681, '22.03.17', 0, 3),
(601, 138630681, '22.03.17', 0, 4),
(602, 138630681, '22.03.17', 0, 5),
(603, 364642158, '22.03.17', 0, 2),
(604, 364642158, '22.03.17', 0, 1),
(605, 364642158, '22.03.17', 0, 3),
(606, 364642158, '22.03.17', 0, 4),
(607, 364642158, '22.03.17', 0, 5),
(608, 293188753, '23.03.17', 0, 2),
(609, 293188753, '23.03.17', 0, 1),
(610, 293188753, '23.03.17', 0, 3),
(611, 293188753, '23.03.17', 0, 4),
(612, 293188753, '23.03.17', 0, 5),
(613, 271036459, '23.03.17', 0, 2),
(614, 271036459, '23.03.17', 0, 1),
(615, 271036459, '23.03.17', 0, 3),
(616, 271036459, '23.03.17', 0, 4),
(617, 271036459, '23.03.17', 0, 5),
(618, 264755203, '23.03.17', 0, 2),
(619, 264755203, '23.03.17', 0, 1),
(620, 264755203, '23.03.17', 0, 3),
(621, 264755203, '23.03.17', 0, 4),
(622, 264755203, '23.03.17', 0, 5),
(623, 160990487, '23.03.17', 0, 2),
(624, 160990487, '23.03.17', 0, 1),
(625, 160990487, '23.03.17', 0, 3),
(626, 160990487, '23.03.17', 0, 4),
(627, 160990487, '23.03.17', 0, 5),
(628, 156632837, '23.03.17', 0, 2),
(629, 156632837, '23.03.17', 0, 1),
(630, 156632837, '23.03.17', 0, 3),
(631, 156632837, '23.03.17', 0, 4),
(632, 156632837, '23.03.17', 0, 5),
(633, 352529326, '23.03.17', 20, 2),
(634, 352529326, '23.03.17', 0, 1),
(635, 352529326, '23.03.17', 0, 3),
(636, 352529326, '23.03.17', 0, 4),
(637, 352529326, '23.03.17', 0, 5),
(638, 376175692, '23.03.17', 0, 2),
(639, 376175692, '23.03.17', 0, 1),
(640, 376175692, '23.03.17', 0, 3),
(641, 376175692, '23.03.17', 0, 4),
(642, 376175692, '23.03.17', 0, 5),
(643, 138630681, '23.03.17', 0, 2),
(644, 138630681, '23.03.17', 0, 1),
(645, 138630681, '23.03.17', 0, 3),
(646, 138630681, '23.03.17', 0, 4),
(647, 138630681, '23.03.17', 0, 5),
(648, 364642158, '23.03.17', 0, 2),
(649, 364642158, '23.03.17', 0, 1),
(650, 364642158, '23.03.17', 0, 3),
(651, 364642158, '23.03.17', 0, 4),
(652, 364642158, '23.03.17', 0, 5),
(653, 293188753, '24.03.17', 0, 2),
(654, 293188753, '24.03.17', 0, 1),
(655, 293188753, '24.03.17', 0, 3),
(656, 293188753, '24.03.17', 0, 4),
(657, 293188753, '24.03.17', 0, 5),
(658, 271036459, '24.03.17', 0, 2),
(659, 271036459, '24.03.17', 0, 1),
(660, 271036459, '24.03.17', 0, 3),
(661, 271036459, '24.03.17', 0, 4),
(662, 271036459, '24.03.17', 0, 5),
(663, 264755203, '24.03.17', 0, 2),
(664, 264755203, '24.03.17', 0, 1); 
INSERT INTO PUBLIC.SAVED_RESULTS(ID, USER_ID, DATE, RESULT, GOAL_ID) VALUES
(665, 264755203, '24.03.17', 0, 3),
(666, 264755203, '24.03.17', 0, 4),
(667, 264755203, '24.03.17', 0, 5),
(668, 160990487, '24.03.17', 0, 2),
(669, 160990487, '24.03.17', 0, 1),
(670, 160990487, '24.03.17', 0, 3),
(671, 160990487, '24.03.17', 0, 4),
(672, 160990487, '24.03.17', 0, 5),
(673, 156632837, '24.03.17', 0, 2),
(674, 156632837, '24.03.17', 0, 1),
(675, 156632837, '24.03.17', 0, 3),
(676, 156632837, '24.03.17', 0, 4),
(677, 156632837, '24.03.17', 0, 5),
(678, 352529326, '24.03.17', 20, 2),
(679, 352529326, '24.03.17', 0, 1),
(680, 352529326, '24.03.17', 0, 3),
(681, 352529326, '24.03.17', 0, 4),
(682, 352529326, '24.03.17', 0, 5),
(683, 376175692, '24.03.17', 1, 2),
(684, 376175692, '24.03.17', 0, 1),
(685, 376175692, '24.03.17', 0, 3),
(686, 376175692, '24.03.17', 0, 4),
(687, 376175692, '24.03.17', 0, 5),
(688, 138630681, '24.03.17', 0, 2),
(689, 138630681, '24.03.17', 0, 1),
(690, 138630681, '24.03.17', 0, 3),
(691, 138630681, '24.03.17', 0, 4),
(692, 138630681, '24.03.17', 0, 5),
(693, 364642158, '24.03.17', 0, 2),
(694, 364642158, '24.03.17', 0, 1),
(695, 364642158, '24.03.17', 0, 3),
(696, 364642158, '24.03.17', 0, 4),
(697, 364642158, '24.03.17', 0, 5),
(698, 293188753, '25.03.17', 0, 2),
(699, 293188753, '25.03.17', 0, 1),
(700, 293188753, '25.03.17', 0, 3),
(701, 293188753, '25.03.17', 0, 4),
(702, 293188753, '25.03.17', 0, 5),
(703, 271036459, '25.03.17', 0, 2),
(704, 271036459, '25.03.17', 0, 1),
(705, 271036459, '25.03.17', 0, 3),
(706, 271036459, '25.03.17', 0, 4),
(707, 271036459, '25.03.17', 0, 5),
(708, 264755203, '25.03.17', 0, 2),
(709, 264755203, '25.03.17', 0, 1),
(710, 264755203, '25.03.17', 0, 3),
(711, 264755203, '25.03.17', 0, 4),
(712, 264755203, '25.03.17', 0, 5),
(713, 160990487, '25.03.17', 0, 2),
(714, 160990487, '25.03.17', 0, 1),
(715, 160990487, '25.03.17', 0, 3),
(716, 160990487, '25.03.17', 0, 4),
(717, 160990487, '25.03.17', 0, 5),
(718, 156632837, '25.03.17', 0, 2),
(719, 156632837, '25.03.17', 0, 1),
(720, 156632837, '25.03.17', 0, 3),
(721, 156632837, '25.03.17', 0, 4),
(722, 156632837, '25.03.17', 0, 5),
(723, 352529326, '25.03.17', 0, 2),
(724, 352529326, '25.03.17', 0, 1),
(725, 352529326, '25.03.17', 0, 3),
(726, 352529326, '25.03.17', 0, 4),
(727, 352529326, '25.03.17', 0, 5),
(728, 376175692, '25.03.17', 0, 2),
(729, 376175692, '25.03.17', 0, 1),
(730, 376175692, '25.03.17', 0, 3),
(731, 376175692, '25.03.17', 0, 4),
(732, 376175692, '25.03.17', 0, 5),
(733, 138630681, '25.03.17', 0, 2),
(734, 138630681, '25.03.17', 0, 1),
(735, 138630681, '25.03.17', 0, 3),
(736, 138630681, '25.03.17', 0, 4),
(737, 138630681, '25.03.17', 0, 5),
(738, 364642158, '25.03.17', 0, 2),
(739, 364642158, '25.03.17', 0, 1),
(740, 364642158, '25.03.17', 0, 3),
(741, 364642158, '25.03.17', 0, 4),
(742, 364642158, '25.03.17', 0, 5),
(743, 293188753, '26.03.17', 0, 2),
(744, 293188753, '26.03.17', 0, 1),
(745, 293188753, '26.03.17', 0, 3),
(746, 293188753, '26.03.17', 0, 4),
(747, 293188753, '26.03.17', 0, 5),
(748, 271036459, '26.03.17', 0, 2),
(749, 271036459, '26.03.17', 0, 1),
(750, 271036459, '26.03.17', 0, 3),
(751, 271036459, '26.03.17', 0, 4),
(752, 271036459, '26.03.17', 0, 5),
(753, 264755203, '26.03.17', 0, 2),
(754, 264755203, '26.03.17', 0, 1),
(755, 264755203, '26.03.17', 0, 3),
(756, 264755203, '26.03.17', 0, 4),
(757, 264755203, '26.03.17', 0, 5),
(758, 160990487, '26.03.17', 1, 2),
(759, 160990487, '26.03.17', 3, 1),
(760, 160990487, '26.03.17', 2, 3),
(761, 160990487, '26.03.17', 1, 4),
(762, 160990487, '26.03.17', 3, 5),
(763, 156632837, '26.03.17', 43, 2),
(764, 156632837, '26.03.17', 0, 1),
(765, 156632837, '26.03.17', 0, 3),
(766, 156632837, '26.03.17', 0, 4),
(767, 156632837, '26.03.17', 0, 5),
(768, 352529326, '26.03.17', 60, 2),
(769, 352529326, '26.03.17', 0, 1),
(770, 352529326, '26.03.17', 1, 3),
(771, 352529326, '26.03.17', 1, 4),
(772, 352529326, '26.03.17', 0, 5),
(773, 376175692, '26.03.17', 3, 2),
(774, 376175692, '26.03.17', 0, 1),
(775, 376175692, '26.03.17', 0, 3),
(776, 376175692, '26.03.17', 0, 4);
INSERT INTO PUBLIC.SAVED_RESULTS(ID, USER_ID, DATE, RESULT, GOAL_ID) VALUES
(777, 376175692, '26.03.17', 0, 5),
(778, 138630681, '26.03.17', 0, 2),
(779, 138630681, '26.03.17', 0, 1),
(780, 138630681, '26.03.17', 0, 3),
(781, 138630681, '26.03.17', 0, 4),
(782, 138630681, '26.03.17', 0, 5),
(783, 364642158, '26.03.17', 0, 2),
(784, 364642158, '26.03.17', 0, 1),
(785, 364642158, '26.03.17', 0, 3),
(786, 364642158, '26.03.17', 0, 4),
(787, 364642158, '26.03.17', 0, 5),
(788, 293188753, '27.03.17', 0, 2),
(789, 293188753, '27.03.17', 0, 1),
(790, 293188753, '27.03.17', 0, 3),
(791, 293188753, '27.03.17', 0, 4),
(792, 293188753, '27.03.17', 0, 5),
(793, 271036459, '27.03.17', 0, 2),
(794, 271036459, '27.03.17', 0, 1),
(795, 271036459, '27.03.17', 0, 3),
(796, 271036459, '27.03.17', 0, 4),
(797, 271036459, '27.03.17', 0, 5),
(798, 264755203, '27.03.17', 0, 2),
(799, 264755203, '27.03.17', 0, 1),
(800, 264755203, '27.03.17', 0, 3),
(801, 264755203, '27.03.17', 0, 4),
(802, 264755203, '27.03.17', 0, 5),
(803, 160990487, '27.03.17', 0, 2),
(804, 160990487, '27.03.17', 1, 1),
(805, 160990487, '27.03.17', 0, 3),
(806, 160990487, '27.03.17', 0, 4),
(807, 160990487, '27.03.17', 0, 5),
(808, 156632837, '27.03.17', 0, 2),
(809, 156632837, '27.03.17', 1, 1),
(810, 156632837, '27.03.17', 0, 3),
(811, 156632837, '27.03.17', 0, 4),
(812, 156632837, '27.03.17', 0, 5),
(813, 352529326, '27.03.17', 0, 2),
(814, 352529326, '27.03.17', 0, 1),
(815, 352529326, '27.03.17', 0, 3),
(816, 352529326, '27.03.17', 0, 4),
(817, 352529326, '27.03.17', 0, 5),
(818, 376175692, '27.03.17', 0, 2),
(819, 376175692, '27.03.17', 0, 1),
(820, 376175692, '27.03.17', 0, 3),
(821, 376175692, '27.03.17', 0, 4),
(822, 376175692, '27.03.17', 0, 5),
(823, 138630681, '27.03.17', 0, 2),
(824, 138630681, '27.03.17', 0, 1),
(825, 138630681, '27.03.17', 0, 3),
(826, 138630681, '27.03.17', 0, 4),
(827, 138630681, '27.03.17', 0, 5),
(828, 364642158, '27.03.17', 0, 2),
(829, 364642158, '27.03.17', 0, 1),
(830, 364642158, '27.03.17', 0, 3),
(831, 364642158, '27.03.17', 0, 4),
(832, 364642158, '27.03.17', 0, 5),
(838, 293188753, '28.03.17', 0, 2),
(839, 293188753, '28.03.17', 0, 1),
(840, 293188753, '28.03.17', 0, 3),
(841, 293188753, '28.03.17', 0, 4),
(842, 293188753, '28.03.17', 0, 5),
(843, 271036459, '28.03.17', 0, 2),
(844, 271036459, '28.03.17', 0, 1),
(845, 271036459, '28.03.17', 0, 3),
(846, 271036459, '28.03.17', 0, 4),
(847, 271036459, '28.03.17', 0, 5),
(848, 264755203, '28.03.17', 0, 2),
(849, 264755203, '28.03.17', 0, 1),
(850, 264755203, '28.03.17', 0, 3),
(851, 264755203, '28.03.17', 0, 4),
(852, 264755203, '28.03.17', 0, 5),
(853, 160990487, '28.03.17', 0, 2),
(854, 160990487, '28.03.17', 0, 1),
(855, 160990487, '28.03.17', 0, 3),
(856, 160990487, '28.03.17', 1, 4),
(857, 160990487, '28.03.17', 1, 5),
(858, 156632837, '28.03.17', 0, 2),
(859, 156632837, '28.03.17', 0, 1),
(860, 156632837, '28.03.17', 0, 3),
(861, 156632837, '28.03.17', 0, 4),
(862, 156632837, '28.03.17', 0, 5),
(863, 352529326, '28.03.17', 0, 2),
(864, 352529326, '28.03.17', 0, 1),
(865, 352529326, '28.03.17', 0, 3),
(866, 352529326, '28.03.17', 0, 4),
(867, 352529326, '28.03.17', 0, 5),
(868, 376175692, '28.03.17', 2, 2),
(869, 376175692, '28.03.17', 0, 1),
(870, 376175692, '28.03.17', 0, 3),
(871, 376175692, '28.03.17', 1, 4),
(872, 376175692, '28.03.17', 0, 5),
(873, 138630681, '28.03.17', 0, 2),
(874, 138630681, '28.03.17', 0, 1),
(875, 138630681, '28.03.17', 0, 3),
(876, 138630681, '28.03.17', 0, 4),
(877, 138630681, '28.03.17', 0, 5),
(878, 364642158, '28.03.17', 0, 2),
(879, 364642158, '28.03.17', 0, 1),
(880, 364642158, '28.03.17', 0, 3),
(881, 364642158, '28.03.17', 0, 4),
(882, 364642158, '28.03.17', 0, 5),
(883, 293188753, '29.03.17', 0, 2),
(884, 293188753, '29.03.17', 0, 1),
(885, 293188753, '29.03.17', 0, 3),
(886, 293188753, '29.03.17', 0, 4),
(887, 293188753, '29.03.17', 0, 5),
(888, 271036459, '29.03.17', 0, 2),
(889, 271036459, '29.03.17', 0, 1),
(890, 271036459, '29.03.17', 0, 3),
(891, 271036459, '29.03.17', 0, 4),
(892, 271036459, '29.03.17', 0, 5),
(893, 264755203, '29.03.17', 0, 2);   
INSERT INTO PUBLIC.SAVED_RESULTS(ID, USER_ID, DATE, RESULT, GOAL_ID) VALUES
(894, 264755203, '29.03.17', 0, 1),
(895, 264755203, '29.03.17', 0, 3),
(896, 264755203, '29.03.17', 0, 4),
(897, 264755203, '29.03.17', 0, 5),
(898, 160990487, '29.03.17', 0, 2),
(899, 160990487, '29.03.17', 0, 1),
(900, 160990487, '29.03.17', 0, 3),
(901, 160990487, '29.03.17', 0, 4),
(902, 160990487, '29.03.17', 0, 5),
(903, 156632837, '29.03.17', 0, 2),
(904, 156632837, '29.03.17', 0, 1),
(905, 156632837, '29.03.17', 0, 3),
(906, 156632837, '29.03.17', 0, 4),
(907, 156632837, '29.03.17', 0, 5),
(908, 352529326, '29.03.17', 0, 2),
(909, 352529326, '29.03.17', 0, 1),
(910, 352529326, '29.03.17', 0, 3),
(911, 352529326, '29.03.17', 0, 4),
(912, 352529326, '29.03.17', 0, 5),
(913, 376175692, '29.03.17', 1, 2),
(914, 376175692, '29.03.17', 3, 1),
(915, 376175692, '29.03.17', 0, 3),
(916, 376175692, '29.03.17', 0, 4),
(917, 376175692, '29.03.17', 0, 5),
(918, 138630681, '29.03.17', 0, 2),
(919, 138630681, '29.03.17', 0, 1),
(920, 138630681, '29.03.17', 0, 3),
(921, 138630681, '29.03.17', 0, 4),
(922, 138630681, '29.03.17', 0, 5),
(923, 364642158, '29.03.17', 0, 2),
(924, 364642158, '29.03.17', 0, 1),
(925, 364642158, '29.03.17', 0, 3),
(926, 364642158, '29.03.17', 0, 4),
(927, 364642158, '29.03.17', 0, 5),
(928, 293188753, '30.03.17', 0, 2),
(929, 293188753, '30.03.17', 0, 1),
(930, 293188753, '30.03.17', 0, 3),
(931, 293188753, '30.03.17', 0, 4),
(932, 293188753, '30.03.17', 0, 5),
(933, 271036459, '30.03.17', 0, 2),
(934, 271036459, '30.03.17', 0, 1),
(935, 271036459, '30.03.17', 0, 3),
(936, 271036459, '30.03.17', 0, 4),
(937, 271036459, '30.03.17', 0, 5),
(938, 264755203, '30.03.17', 0, 2),
(939, 264755203, '30.03.17', 0, 1),
(940, 264755203, '30.03.17', 0, 3),
(941, 264755203, '30.03.17', 0, 4),
(942, 264755203, '30.03.17', 0, 5),
(943, 160990487, '30.03.17', 0, 2),
(944, 160990487, '30.03.17', 0, 1),
(945, 160990487, '30.03.17', 0, 3),
(946, 160990487, '30.03.17', 0, 4),
(947, 160990487, '30.03.17', 0, 5),
(948, 156632837, '30.03.17', 0, 2),
(949, 156632837, '30.03.17', 0, 1),
(950, 156632837, '30.03.17', 0, 3),
(951, 156632837, '30.03.17', 0, 4),
(952, 156632837, '30.03.17', 0, 5),
(953, 352529326, '30.03.17', 20, 2),
(954, 352529326, '30.03.17', 3, 1),
(955, 352529326, '30.03.17', 0, 3),
(956, 352529326, '30.03.17', 1, 4),
(957, 352529326, '30.03.17', 3, 5),
(958, 376175692, '30.03.17', 1, 2),
(959, 376175692, '30.03.17', 1, 1),
(960, 376175692, '30.03.17', 0, 3),
(961, 376175692, '30.03.17', 0, 4),
(962, 376175692, '30.03.17', 0, 5),
(963, 138630681, '30.03.17', 40, 2),
(964, 138630681, '30.03.17', 0, 1),
(965, 138630681, '30.03.17', 0, 3),
(966, 138630681, '30.03.17', 0, 4),
(967, 138630681, '30.03.17', 0, 5),
(968, 364642158, '30.03.17', 0, 2),
(969, 364642158, '30.03.17', 0, 1),
(970, 364642158, '30.03.17', 0, 3),
(971, 364642158, '30.03.17', 0, 4),
(972, 364642158, '30.03.17', 0, 5),
(998, 293188753, '31.03.17', 0, 2),
(999, 293188753, '31.03.17', 0, 1),
(1000, 293188753, '31.03.17', 0, 3),
(1001, 293188753, '31.03.17', 0, 4),
(1002, 293188753, '31.03.17', 0, 5),
(1003, 271036459, '31.03.17', 0, 2),
(1004, 271036459, '31.03.17', 0, 1),
(1005, 271036459, '31.03.17', 0, 3),
(1006, 271036459, '31.03.17', 0, 4),
(1007, 271036459, '31.03.17', 0, 5),
(1008, 264755203, '31.03.17', 0, 2),
(1009, 264755203, '31.03.17', 0, 1),
(1010, 264755203, '31.03.17', 0, 3),
(1011, 264755203, '31.03.17', 0, 4),
(1012, 264755203, '31.03.17', 0, 5),
(1013, 160990487, '31.03.17', 0, 2),
(1014, 160990487, '31.03.17', 0, 1),
(1015, 160990487, '31.03.17', 1, 3),
(1016, 160990487, '31.03.17', 0, 4),
(1017, 160990487, '31.03.17', 2, 5),
(1018, 156632837, '31.03.17', 0, 2),
(1019, 156632837, '31.03.17', 0, 1),
(1020, 156632837, '31.03.17', 0, 3),
(1021, 156632837, '31.03.17', 0, 4),
(1022, 156632837, '31.03.17', 0, 5),
(1023, 352529326, '31.03.17', 0, 2),
(1024, 352529326, '31.03.17', 0, 1),
(1025, 352529326, '31.03.17', 0, 3),
(1026, 352529326, '31.03.17', 0, 4),
(1027, 352529326, '31.03.17', 0, 5),
(1028, 376175692, '31.03.17', 0, 2),
(1029, 376175692, '31.03.17', 0, 1);        
INSERT INTO PUBLIC.SAVED_RESULTS(ID, USER_ID, DATE, RESULT, GOAL_ID) VALUES
(1030, 376175692, '31.03.17', 0, 3),
(1031, 376175692, '31.03.17', 0, 4),
(1032, 376175692, '31.03.17', 0, 5),
(1033, 138630681, '31.03.17', 0, 2),
(1034, 138630681, '31.03.17', 0, 1),
(1035, 138630681, '31.03.17', 0, 3),
(1036, 138630681, '31.03.17', 0, 4),
(1037, 138630681, '31.03.17', 0, 5),
(1038, 364642158, '31.03.17', 0, 2),
(1039, 364642158, '31.03.17', 0, 1),
(1040, 364642158, '31.03.17', 0, 3),
(1041, 364642158, '31.03.17', 0, 4),
(1042, 364642158, '31.03.17', 0, 5),
(1043, 293188753, '01.04.17', 0, 2),
(1044, 293188753, '01.04.17', 0, 1),
(1045, 293188753, '01.04.17', 0, 3),
(1046, 293188753, '01.04.17', 0, 4),
(1047, 293188753, '01.04.17', 0, 5),
(1048, 271036459, '01.04.17', 0, 2),
(1049, 271036459, '01.04.17', 0, 1),
(1050, 271036459, '01.04.17', 0, 3),
(1051, 271036459, '01.04.17', 0, 4),
(1052, 271036459, '01.04.17', 0, 5),
(1053, 264755203, '01.04.17', 0, 2),
(1054, 264755203, '01.04.17', 0, 1),
(1055, 264755203, '01.04.17', 0, 3),
(1056, 264755203, '01.04.17', 0, 4),
(1057, 264755203, '01.04.17', 0, 5),
(1058, 160990487, '01.04.17', 0, 2),
(1059, 160990487, '01.04.17', 0, 1),
(1060, 160990487, '01.04.17', 0, 3),
(1061, 160990487, '01.04.17', 0, 4),
(1062, 160990487, '01.04.17', 0, 5),
(1063, 156632837, '01.04.17', 0, 2),
(1064, 156632837, '01.04.17', 0, 1),
(1065, 156632837, '01.04.17', 0, 3),
(1066, 156632837, '01.04.17', 0, 4),
(1067, 156632837, '01.04.17', 0, 5),
(1068, 352529326, '01.04.17', 0, 2),
(1069, 352529326, '01.04.17', 0, 1),
(1070, 352529326, '01.04.17', 0, 3),
(1071, 352529326, '01.04.17', 0, 4),
(1072, 352529326, '01.04.17', 0, 5),
(1073, 376175692, '01.04.17', 0, 2),
(1074, 376175692, '01.04.17', 0, 1),
(1075, 376175692, '01.04.17', 0, 3),
(1076, 376175692, '01.04.17', 0, 4),
(1077, 376175692, '01.04.17', 0, 5),
(1078, 138630681, '01.04.17', 0, 2),
(1079, 138630681, '01.04.17', 0, 1),
(1080, 138630681, '01.04.17', 0, 3),
(1081, 138630681, '01.04.17', 0, 4),
(1082, 138630681, '01.04.17', 0, 5),
(1083, 364642158, '01.04.17', 0, 2),
(1084, 364642158, '01.04.17', 0, 1),
(1085, 364642158, '01.04.17', 0, 3),
(1086, 364642158, '01.04.17', 0, 4),
(1087, 364642158, '01.04.17', 0, 5),
(1088, 293188753, '02.04.17', 0, 2),
(1089, 293188753, '02.04.17', 0, 1),
(1090, 293188753, '02.04.17', 0, 3),
(1091, 293188753, '02.04.17', 0, 4),
(1092, 293188753, '02.04.17', 0, 5),
(1093, 271036459, '02.04.17', 0, 2),
(1094, 271036459, '02.04.17', 0, 1),
(1095, 271036459, '02.04.17', 0, 3),
(1096, 271036459, '02.04.17', 0, 4),
(1097, 271036459, '02.04.17', 0, 5),
(1098, 264755203, '02.04.17', 0, 2),
(1099, 264755203, '02.04.17', 0, 1),
(1100, 264755203, '02.04.17', 0, 3),
(1101, 264755203, '02.04.17', 0, 4),
(1102, 264755203, '02.04.17', 0, 5),
(1103, 160990487, '02.04.17', 0, 2),
(1104, 160990487, '02.04.17', 1, 1),
(1105, 160990487, '02.04.17', 1, 3),
(1106, 160990487, '02.04.17', 1, 4),
(1107, 160990487, '02.04.17', 3, 5),
(1108, 156632837, '02.04.17', 0, 2),
(1109, 156632837, '02.04.17', 1, 1),
(1110, 156632837, '02.04.17', 0, 3),
(1111, 156632837, '02.04.17', 0, 4),
(1112, 156632837, '02.04.17', 0, 5),
(1113, 352529326, '02.04.17', 20, 2),
(1114, 352529326, '02.04.17', 3, 1),
(1115, 352529326, '02.04.17', 0, 3),
(1116, 352529326, '02.04.17', 1, 4),
(1117, 352529326, '02.04.17', 3, 5),
(1118, 376175692, '02.04.17', 4, 2),
(1119, 376175692, '02.04.17', 4, 1),
(1120, 376175692, '02.04.17', 2, 3),
(1121, 376175692, '02.04.17', 1, 4),
(1122, 376175692, '02.04.17', 0, 5),
(1123, 138630681, '02.04.17', 40, 2),
(1124, 138630681, '02.04.17', 0, 1),
(1125, 138630681, '02.04.17', 0, 3),
(1126, 138630681, '02.04.17', 0, 4),
(1127, 138630681, '02.04.17', 0, 5),
(1128, 364642158, '02.04.17', 0, 2),
(1129, 364642158, '02.04.17', 0, 1),
(1130, 364642158, '02.04.17', 0, 3),
(1131, 364642158, '02.04.17', 0, 4),
(1132, 364642158, '02.04.17', 0, 5);       
CREATE CACHED TABLE PUBLIC.SAVED_RESULTS_READING(
    ID INT DEFAULT (NEXT VALUE FOR PUBLIC.SYSTEM_SEQUENCE_FF84E5A0_875A_4E0D_BA12_6EFAA21CE860) NOT NULL NULL_TO_DEFAULT SEQUENCE PUBLIC.SYSTEM_SEQUENCE_FF84E5A0_875A_4E0D_BA12_6EFAA21CE860,
    USER_ID BIGINT,
    DATE TEXT,
    RESULT INT
);    
ALTER TABLE PUBLIC.SAVED_RESULTS_READING ADD CONSTRAINT PUBLIC.CONSTRAINT_B PRIMARY KEY(ID);  
-- 199 +/- SELECT COUNT(*) FROM PUBLIC.SAVED_RESULTS_READING; 
INSERT INTO PUBLIC.SAVED_RESULTS_READING(ID, USER_ID, DATE, RESULT) VALUES
(1, 293188753, '06.03.17', 132),
(2, 271036459, '06.03.17', 0),
(3, 264755203, '06.03.17', 0),
(4, 160990487, '06.03.17', 0),
(5, 156632837, '06.03.17', 0),
(6, 352529326, '06.03.17', 0),
(7, 376175692, '06.03.17', 0),
(33, 293188753, '07.03.17', 132),
(34, 271036459, '07.03.17', 0),
(35, 264755203, '07.03.17', 0),
(36, 160990487, '07.03.17', 0),
(37, 156632837, '07.03.17', 40),
(38, 352529326, '07.03.17', 0),
(39, 376175692, '07.03.17', 28),
(40, 293188753, '08.03.17', 132),
(41, 271036459, '08.03.17', 0),
(42, 264755203, '08.03.17', 0),
(43, 160990487, '08.03.17', 0),
(44, 156632837, '08.03.17', 40),
(45, 352529326, '08.03.17', 0),
(46, 376175692, '08.03.17', 28),
(47, 293188753, '09.03.17', 132),
(48, 271036459, '09.03.17', 0),
(49, 264755203, '09.03.17', 0),
(50, 160990487, '09.03.17', 0),
(51, 156632837, '09.03.17', 40),
(52, 352529326, '09.03.17', 25),
(53, 376175692, '09.03.17', 79),
(65, 293188753, '15.03.17', 132),
(66, 271036459, '15.03.17', 0),
(67, 264755203, '15.03.17', 0),
(68, 160990487, '15.03.17', 30),
(69, 156632837, '15.03.17', 40),
(70, 352529326, '15.03.17', 25),
(71, 376175692, '15.03.17', 96),
(72, 138630681, '15.03.17', 0),
(73, 364642158, '15.03.17', 0),
(97, 293188753, '16.03.17', 132),
(98, 271036459, '16.03.17', 0),
(99, 264755203, '16.03.17', 0),
(100, 160990487, '16.03.17', 30),
(101, 156632837, '16.03.17', 85),
(102, 352529326, '16.03.17', 25),
(103, 376175692, '16.03.17', 111),
(104, 138630681, '16.03.17', 0),
(105, 364642158, '16.03.17', 0),
(106, 293188753, '17.03.17', 132),
(107, 271036459, '17.03.17', 0),
(108, 264755203, '17.03.17', 0),
(109, 160990487, '17.03.17', 30),
(110, 156632837, '17.03.17', 85),
(111, 352529326, '17.03.17', 25),
(112, 376175692, '17.03.17', 133),
(113, 138630681, '17.03.17', 0),
(114, 364642158, '17.03.17', 0),
(115, 293188753, '18.03.17', 132),
(116, 271036459, '18.03.17', 0),
(117, 264755203, '18.03.17', 0),
(118, 160990487, '18.03.17', 30),
(119, 156632837, '18.03.17', 85),
(120, 352529326, '18.03.17', 25),
(121, 376175692, '18.03.17', 145),
(122, 138630681, '18.03.17', 0),
(123, 364642158, '18.03.17', 0),
(124, 293188753, '19.03.17', 132),
(125, 271036459, '19.03.17', 0),
(126, 264755203, '19.03.17', 0),
(127, 160990487, '19.03.17', 30),
(128, 156632837, '19.03.17', 85),
(129, 352529326, '19.03.17', 25),
(130, 376175692, '19.03.17', 145),
(131, 138630681, '19.03.17', 0),
(132, 364642158, '19.03.17', 0),
(133, 293188753, '20.03.17', 0),
(134, 271036459, '20.03.17', 0),
(135, 264755203, '20.03.17', 0),
(136, 160990487, '20.03.17', 0),
(137, 156632837, '20.03.17', 0),
(138, 352529326, '20.03.17', 0),
(139, 376175692, '20.03.17', 0),
(140, 138630681, '20.03.17', 0),
(141, 364642158, '20.03.17', 0),
(161, 293188753, '21.03.17', 10),
(162, 271036459, '21.03.17', 0),
(163, 264755203, '21.03.17', 0),
(164, 160990487, '21.03.17', 0),
(165, 156632837, '21.03.17', 0),
(166, 352529326, '21.03.17', 0),
(167, 376175692, '21.03.17', 0),
(168, 138630681, '21.03.17', 0),
(169, 364642158, '21.03.17', 0),
(170, 293188753, '22.03.17', 10),
(171, 271036459, '22.03.17', 0),
(172, 264755203, '22.03.17', 0),
(173, 160990487, '22.03.17', 0),
(174, 156632837, '22.03.17', 0),
(175, 352529326, '22.03.17', 0),
(176, 376175692, '22.03.17', 0),
(177, 138630681, '22.03.17', 0),
(178, 364642158, '22.03.17', 0),
(179, 293188753, '23.03.17', 10),
(180, 271036459, '23.03.17', 0),
(181, 264755203, '23.03.17', 0),
(182, 160990487, '23.03.17', 0),
(183, 156632837, '23.03.17', 0),
(184, 352529326, '23.03.17', 0),
(185, 376175692, '23.03.17', 0),
(186, 138630681, '23.03.17', 0),
(187, 364642158, '23.03.17', 0),
(188, 293188753, '24.03.17', 10),
(189, 271036459, '24.03.17', 0),
(190, 264755203, '24.03.17', 0),
(191, 160990487, '24.03.17', 0),
(192, 156632837, '24.03.17', 0),
(193, 352529326, '24.03.17', 0),
(194, 376175692, '24.03.17', 0),
(195, 138630681, '24.03.17', 0),
(196, 364642158, '24.03.17', 0),
(197, 293188753, '25.03.17', 10),
(198, 271036459, '25.03.17', 0),
(199, 264755203, '25.03.17', 0),
(200, 160990487, '25.03.17', 0);         
INSERT INTO PUBLIC.SAVED_RESULTS_READING(ID, USER_ID, DATE, RESULT) VALUES
(201, 156632837, '25.03.17', 0),
(202, 352529326, '25.03.17', 0),
(203, 376175692, '25.03.17', 0),
(204, 138630681, '25.03.17', 0),
(205, 364642158, '25.03.17', 0),
(206, 293188753, '26.03.17', 10),
(207, 271036459, '26.03.17', 0),
(208, 264755203, '26.03.17', 0),
(209, 160990487, '26.03.17', 31),
(210, 156632837, '26.03.17', 0),
(211, 352529326, '26.03.17', 0),
(212, 376175692, '26.03.17', 0),
(213, 138630681, '26.03.17', 0),
(214, 364642158, '26.03.17', 0),
(215, 293188753, '27.03.17', 10),
(216, 271036459, '27.03.17', 0),
(217, 264755203, '27.03.17', 0),
(218, 160990487, '27.03.17', 31),
(219, 156632837, '27.03.17', 0),
(220, 352529326, '27.03.17', 0),
(221, 376175692, '27.03.17', 0),
(222, 138630681, '27.03.17', 0),
(223, 364642158, '27.03.17', 0),
(225, 293188753, '28.03.17', 10),
(226, 271036459, '28.03.17', 0),
(227, 264755203, '28.03.17', 0),
(228, 160990487, '28.03.17', 31),
(229, 156632837, '28.03.17', 0),
(230, 352529326, '28.03.17', 0),
(231, 376175692, '28.03.17', 12),
(232, 138630681, '28.03.17', 0),
(233, 364642158, '28.03.17', 0),
(234, 293188753, '29.03.17', 10),
(235, 271036459, '29.03.17', 0),
(236, 264755203, '29.03.17', 0),
(237, 160990487, '29.03.17', 31),
(238, 156632837, '29.03.17', 0),
(239, 352529326, '29.03.17', 0),
(240, 376175692, '29.03.17', 19),
(241, 138630681, '29.03.17', 0),
(242, 364642158, '29.03.17', 0),
(243, 293188753, '30.03.17', 10),
(244, 271036459, '30.03.17', 0),
(245, 264755203, '30.03.17', 0),
(246, 160990487, '30.03.17', 31),
(247, 156632837, '30.03.17', 0),
(248, 352529326, '30.03.17', 0),
(249, 376175692, '30.03.17', 19),
(250, 138630681, '30.03.17', 0),
(251, 364642158, '30.03.17', 0),
(257, 293188753, '31.03.17', 10),
(258, 271036459, '31.03.17', 0),
(259, 264755203, '31.03.17', 0),
(260, 160990487, '31.03.17', 31),
(261, 156632837, '31.03.17', 0),
(262, 352529326, '31.03.17', 0),
(263, 376175692, '31.03.17', 19),
(264, 138630681, '31.03.17', 0),
(265, 364642158, '31.03.17', 0),
(266, 293188753, '01.04.17', 10),
(267, 271036459, '01.04.17', 0),
(268, 264755203, '01.04.17', 0),
(269, 160990487, '01.04.17', 31),
(270, 156632837, '01.04.17', 0),
(271, 352529326, '01.04.17', 0),
(272, 376175692, '01.04.17', 19),
(273, 138630681, '01.04.17', 0),
(274, 364642158, '01.04.17', 0),
(275, 293188753, '02.04.17', 10),
(276, 271036459, '02.04.17', 0),
(277, 264755203, '02.04.17', 0),
(278, 160990487, '02.04.17', 31),
(279, 156632837, '02.04.17', 0),
(280, 352529326, '02.04.17', 0),
(281, 376175692, '02.04.17', 19),
(282, 138630681, '02.04.17', 0),
(283, 364642158, '02.04.17', 0);    
